영업상태명,지번주소,도로명주소,좌표정보(X),좌표정보(Y)
영업/정상,서울특별시 강서구 공항동 60-31 ,서울특별시 강서구 송정로 37 (공항동),183211.7113,450672.554
영업/정상,서울특별시 강서구 방화동 559-5 ,서울특별시 강서구 양천로14길 16 (방화동),183147.7757,452259.1121
영업/정상,서울특별시 강서구 등촌동 655-27번지 ,서울특별시 강서구 공항대로45길 24 (등촌동),187146.1253,450413.6462
영업/정상,서울특별시 강서구 화곡동 923-3번지 ,서울특별시 강서구 강서로7길 116 (화곡동),185906.806,447437.7689
영업/정상,서울특별시 강서구 내발산동 699-19 (지상 1층),"서울특별시 강서구 강서로47길 25, 1층 (내발산동, 1동)",185332.4742,450055.4159
영업/정상,서울특별시 강서구 등촌동 683-0 인방빌딩 (지상 1층),"서울특별시 강서구 강서로68길 12, 1층 (등촌동, 3동 인방빌딩)",185932.0354,451560.5369
영업/정상,서울특별시 강서구 공항동 1354-6 (지상 1층),"서울특별시 강서구 방화대로6나길 1, 1층 (공항동)",183745.1644,450325.3673
영업/정상,서울특별시 강서구 화곡동 377-3 (지상 1층),"서울특별시 강서구 화곡로20길 58, 1층 (화곡동, 1동)",185498.6512,448411.2636
영업/정상,서울특별시 강서구 방화동 886-0 김포공항역 (지하 1층),"서울특별시 강서구 하늘길 지하 77, 1층 (방화동, 2동 김포공항역)",182524.8238,451438.2509
영업/정상,서울특별시 강서구 내발산동 968-0 발산역점 (지하 1층),"서울특별시 강서구 강서로 272, 지하 1층 (내발산동, 1동 발산역)",,
영업/정상,서울특별시 강서구 화곡동 1075-0 화곡역 (지하 1층),"서울특별시 강서구 화곡로 164, 지하 1층 (화곡동, 1동 화곡역)",185780.3347,448789.4947
영업/정상,서울특별시 강서구 내발산동 723-0 우장산역 (지하 1층),"서울특별시 강서구 강서로 261, 지하 1층 (내발산동, 1동 우장산역)",185430.8962,449668.4226
영업/정상,서울특별시 강서구 화곡동 662-5 까치산역 (지하 1층),"서울특별시 강서구 강서로 지하 54, 까치산역 1층 (화곡동)",186341.6251,447821.6434
영업/정상,서울특별시 강서구 방화동 846-0 개화산역 (지하 1층),"서울특별시 강서구 양천로 22, 지하 1층 (방화동, 2동 개화산역)",182770.9344,452243.0276
영업/정상,서울특별시 강서구 가양동 1480-5번지 이스타빌1차 104호의 일부(지상1층) ,"서울특별시 강서구 양천로57길 10-20, 1층 (가양동, 이스타빌1차 104호의 일부)",186943.8856,451159.5135
영업/정상,서울특별시 강서구 내발산동 653-0 솔레드림 (지상1층) 113~114호,"서울특별시 강서구 강서로 360, 1층 113~114호 (내발산동, 우장산동 솔레드림)",185643.5447,450612.3838
영업/정상,서울특별시 강서구 공항동 1356-10,"서울특별시 강서구 방화대로6길 33, 1층 (공항동)",183902.4102,450319.3509
영업/정상,서울특별시 강서구 방화동 886-0 스카이파크 (지하 1층),"서울특별시 강서구 하늘길 38, 지하 1층 (방화동, 2동 스카이파크)",182524.8238,451438.2509
영업/정상,서울특별시 강서구 화곡동 1086-26번지 ,"서울특별시 강서구 화곡로20길 42, 1층 (화곡동, 1동)",185485.3119,448495.1638
영업/정상,서울특별시 강서구 방화동 498-4번지 1층 ,"서울특별시 강서구 양천로 19, 1층 (방화동, 1동)",182794.4418,452295.4305
영업/정상,서울특별시 강서구 화곡동 914-1 105호,"서울특별시 강서구 강서로5나길 50, 1층 105호 (화곡동, 1동)",186290.981,447415.8635
영업/정상,서울특별시 강서구 화곡동 1098-17 ,"서울특별시 강서구 화곡로59길 17, 1층 (화곡동)",186694.6551,450220.8724
영업/정상,서울특별시 강서구 화곡동 836-2번지 (지상 1층) ,"서울특별시 강서구 곰달래로49길 15, 1층 (화곡동, 2동)",187346.8622,447799.8423
영업/정상,"서울특별시 강서구 화곡동 343-66번지 지하층,1동,화곡동오피스텔 B110호","서울특별시 강서구 곰달래로 123, 지하층 B110호 (화곡동, 1동,화곡동오피스텔)",186368.9372,447619.1602
영업/정상,서울특별시 강서구 마곡동 784-13 (지상1층),"서울특별시 강서구 강서로 423, 1층 110,111호 (마곡동, 가양1동 아르디에오피스텔)",185758,451264
영업/정상,서울특별시 강서구 마곡동 793-4 (지상1층),"서울특별시 강서구 강서로 409, 1층 111,112호 (마곡동, 가양1동 엘리안오피스텔)",185700.6357,451110.3447
영업/정상,서울특별시 강서구 마곡동 784-6번지 마곡대명투웨니퍼스트 (지상 1층) 112~113호,"서울특별시 강서구 강서로 443, 1층 112~113호 (마곡동, 가양 1동 마곡대명투웨니퍼스트)",185808,451450
영업/정상,서울특별시 강서구 화곡동 926-1 1층,"서울특별시 강서구 강서로7길 89, 1층 (화곡동, 1동)",186029.2134,447436.8571
영업/정상,서울특별시 강서구 화곡동 1031-3 (지상 1층),"서울특별시 강서구 화곡로31길 85, 1층 (화곡동, 우장산동)",185676.3672,449124.16
영업/정상,서울특별시 강서구 화곡동 29-52번지 (지상 1층) ,"서울특별시 강서구 화곡로42길 35, 1층 (화곡동, 본동)",186448.2025,449314.1814
영업/정상,서울특별시 강서구 방화동 830-3번지 (방화3동) 110~1호,"서울특별시 강서구 방화대로47가길 7, 110~111호 (방화동, 3동, 샤르망1)",183414.4948,452706.1049
영업/정상,서울특별시 강서구 마곡동 795-7번지 열린프라자 (지상 1층) 108호,"서울특별시 강서구 마곡중앙6로 93, 1층 108호 (마곡동, 가양 1동 열린프라자)",185593,450880
영업/정상,서울특별시 강서구 화곡동 976-9,"서울특별시 강서구 까치산로17길 10, 1층 (화곡동, 6동)",186609.4993,449561.4954
영업/정상,서울특별시 강서구 등촌동 628-32 강변샤르망2차오피스텔 109호,"서울특별시 강서구 공항대로45길 101, 1층 109호 (등촌동, 1동, 강변샤르망2차오피스텔)",187342.2346,450784.4569
영업/정상,서울특별시 강서구 화곡동 1096 1층,"서울특별시 강서구 우장산로15길 53, 1층 (화곡동)",186776.1978,450368.0986
영업/정상,"서울특별시 강서구 마곡동 784-4번지 외 1필지 미르웰플러스오피스텔 115,1호","서울특별시 강서구 강서로 447, 1층 115,115-1호 (마곡동, 외 1필지 미르웰플러스오피스텔, 가양1동))",185817,451484
영업/정상,서울특별시 강서구 등촌동 647-89번지 ,"서울특별시 강서구 공항대로59다길 14, 1층 (등촌동, 1동)",187936.189,450125.9786
영업/정상,서울특별시 강서구 가양동 1488 106호,"서울특별시 강서구 허준로 198, 1층 106호 (가양동, 3동, 가양프라자)",187582.8517,451006.6691
영업/정상,서울특별시 강서구 내발산동 674-3 (우장산동),"서울특별시 강서구 강서로48길 47, 1층 (내발산동, 우장산동)",185714.1573,450039.8025
영업/정상,서울특별시 강서구 등촌동 647-40,"서울특별시 강서구 공항대로59길 16, 1층 (등촌동, 1동)",187908.3653,450020.0896
영업/정상,서울특별시 강서구 등촌동 63-12 어위쉬예다인 104호,"서울특별시 강서구 양천로 452, 어위쉬예다인 1층 104호 (등촌동)",186763.4201,451176.9237
영업/정상,서울특별시 강서구 방화동 609-29 (방화1동),"서울특별시 강서구 방화동로 58-1 (방화동, 1동)",183342.869,451489.715
영업/정상,서울특별시 강서구 방화동 168-38번지 (방화1동) ,"서울특별시 강서구 양천로 128 (방화동, 1동)",183861.6488,452327.8717
영업/정상,서울특별시 강서구 화곡동 421-24 (지상 1층),"서울특별시 강서구 강서로15길 116, 1층 (화곡동, 1동)",185751.1726,447769.7522
영업/정상,서울특별시 강서구 화곡동 1114-21,"서울특별시 강서구 화곡로60길 33, 1층 (화곡동, 6동)",186950.7845,450134.7702
영업/정상,서울특별시 강서구 화곡동 856-1,"서울특별시 강서구 곰달래로36길 17, 1층 (화곡동, 2동)",187021.2596,447574.8118
영업/정상,서울특별시 강서구 염창동 244-15번지 (지상1층) ,"서울특별시 강서구 양천로69길 19, 1층 108, 109호 (염창동)",188508.5026,450136.9733
영업/정상,서울특별시 강서구 화곡동 914-35번지 (지상1층) ,"서울특별시 강서구 강서로7길 59, 1층 101호 (화곡동, 1동)",186180.0863,447453.9524
영업/정상,서울특별시 강서구 화곡동 981-15번지 (지상1층) ,"서울특별시 강서구 화곡로44가길 43, 1층 (화곡동, 6동, GS25 화곡도담)",186541.8767,449724.4693
영업/정상,서울특별시 강서구 화곡동 55-88번지 (지상1층) ,"서울특별시 강서구 초록마을로14길 37, 1층 (화곡동, 본동)",186539.7854,448750.3797
영업/정상,서울특별시 강서구 마곡동 795-5번지 마곡사이언스파크뷰 (지상 1층) 104호,"서울특별시 강서구 마곡중앙6로 85, 1층 104호 (마곡동, 가양 1동 마곡사이언스파크뷰)",185514,450890
영업/정상,서울특별시 강서구 화곡동 1115-8번지 (지상1층) ,"서울특별시 강서구 공항대로46길 57, 1층 101호 (화곡동, 6동)",186853.0738,450149.1288
영업/정상,서울특별시 강서구 마곡동 773-1번지 가양1동 ,"서울특별시 강서구 마곡중앙6로 10, 1층 121, 122호 (마곡동, 가양1동)",184756,450942
영업/정상,서울특별시 강서구 가양동 194-2번지 양천향교지웰에스테이트 (지상 1층) 101호,"서울특별시 강서구 양천로49길 54, 양천향교지웰에스테이트 101호 (가양동)",185867.5,452099.7657
영업/정상,서울특별시 강서구 마곡동 746-1 마곡엠밸리12단지 판매시설1동(1206동) 103호,"서울특별시 강서구 공항대로 140, 판매시설1동 1206동 1층 103호 (마곡동, 마곡엠밸리12단지)",184285.2005,450783.3263
영업/정상,서울특별시 강서구 화곡동 24-126번지 (지상1층) ,"서울특별시 강서구 화곡로42가길 9, 1층 101호 (화곡동, 본동, 그랜드오피스텔)",186306.3886,449335.2175
영업/정상,서울특별시 강서구 화곡동 1096-29번지 카이도빌딩 (지상 1층) ,"서울특별시 강서구 공항대로44길 11, 1층 (화곡동, 6동 카이도빌딩)",186755.5371,450377.8509
영업/정상,"서울특별시 강서구 등촌동 636-21 (지상1층, 1동) ","서울특별시 강서구 화곡로66길 145, 1층 (등촌동, 1동)",187648.2931,450319.0796
영업/정상,서울특별시 강서구 등촌동 633-17번지 등촌투웨니퍼스트2차(지상1층) 가양1동 202동 101호,"서울특별시 강서구 양천로66길 21, 202동 1층 101호 (등촌동, 등촌투웨니퍼스트2차, 가양1동)",188027.6554,450190.3592
영업/정상,서울특별시 강서구 화곡동 26-8 다산빌딩 (지상 1층) ,"서울특별시 강서구 까치산로15길 17, 1층 (화곡동, 본동 다산빌딩)",186435.0758,449427.1053
영업/정상,서울특별시 강서구 화곡동 24-108번지 (지상 1층) ,"서울특별시 강서구 화곡로42길 28, 1층 (화곡동, 본동)",186401.1994,449319.2764
영업/정상,서울특별시 강서구 등촌동 695-1번지 (지상 1층) 101호,"서울특별시 강서구 강서로62길 98, 1층 101호 (등촌동, 3동)",186236.3993,451054.4371
영업/정상,서울특별시 강서구 마곡동 760-0번지 마곡나루역보타닉푸르지오시티 (지상 1층) 109호,"서울특별시 강서구 마곡중앙5로 6, 1층 109호 (마곡동, 가양 1동 마곡나루역보타닉푸르지오시티)",184650,451667
영업/정상,서울특별시 강서구 공항동 669-5번지 (지상 1층) ,"서울특별시 강서구 방화대로7길 28, 1층 (공항동)",183551.6908,450463.4173
영업/정상,서울특별시 강서구 가양동 1461번지 상가동 101호,"서울특별시 강서구 허준로 47, 상가동 1층 101호 (가양동)",186429.3278,452034.2757
영업/정상,서울특별시 강서구 공항동 27-1번지 준명빌딩 (지상 1층) ,"서울특별시 강서구 공항대로 43, 1층 (공항동, 준명빌딩)",183335.6271,451044.2889
영업/정상,서울특별시 강서구 화곡동 367-62번지 길성이엔이 (지상 1층) 101호,"서울특별시 강서구 가로공원로 238, 1층 101호 (화곡동, 1동 길성이엔이)",185985.1156,448450.3993
영업/정상,서울특별시 강서구 방화동 813-3 (지상1층) ,"서울특별시 강서구 금낭화로19길 26, 1층 101호 (방화동, 3동)",183200.4642,452658.4004
영업/정상,서울특별시 강서구 화곡동 348-23 외 1필지 (지상 1층) ,"서울특별시 강서구 강서로17길 29, 1층 (화곡동, 1동)",186165.9367,447830.7524
영업/정상,서울특별시 강서구 마곡동 793-8 마곡하이마루 (지상 1층) 107호,"서울특별시 강서구 강서로 399, 1층 107호 (마곡동, 가양 1동 마곡하이마루)",185676.8611,451014.642
영업/정상,서울특별시 강서구 등촌동 532-1번지 (지상 1층) ,"서울특별시 강서구 공항대로58길 32, 1층 (등촌동, 2동)",187770.7424,449801.9101
영업/정상,서울특별시 강서구 방화동 600-2번지 진성빌딩 (지상 1층) ,"서울특별시 강서구 초원로 43, 1층 (방화동, 2동 진성빌딩)",183162.0917,451755.4867
영업/정상,서울특별시 강서구 마곡동 784-11 외 1필지 마곡오드카운티1차 (지상 1층) 122호,"서울특별시 강서구 강서로 429, 1층 122호 (마곡동, 가양 1동 마곡오드카운티1차)",185761,451315
영업/정상,서울특별시 강서구 화곡동 928-35 (지상 1층),"서울특별시 강서구 곰달래로16길 29, 1층 (화곡동, 화곡 1동 )",185823.168,447401.8205
영업/정상,서울특별시 강서구 화곡동 53-14 1층 ,"서울특별시 강서구 초록마을로6길 1, 1층 (화곡동)",186440.9675,448937.6795
영업/정상,서울특별시 강서구 방화동 814-0번지 방화5단지아파트 (지상 1층) 상가1동 104호,"서울특별시 강서구 금낭화로 287-19, 상가1동 1층 104호 (방화동, 3동 방화5단지아파트)",183169.0826,452783.1582
영업/정상,서울특별시 강서구 화곡동 1098-9번지 대륙빌딩 (지상 1층) ,"서울특별시 강서구 우장산로 125, 1층 (화곡동, 6동 대륙빌딩)",186674.0026,450124.3173
영업/정상,서울특별시 강서구 화곡동 451-23번지 (지상 1층) ,"서울특별시 강서구 곰달래로31다길 8, 1층 (화곡동, 4동)",186823.0298,447913.2423
영업/정상,서울특별시 강서구 등촌동 663-7번지 (지상 1층) ,"서울특별시 강서구 화곡로63길 125, 1층 (등촌동, 3동)",186336.1248,450732.0349
영업/정상,서울특별시 강서구 내발산동 697-6번지 (지상 1층) ,"서울특별시 강서구 강서로47다길 20, 1층 (내발산동, 1동)",185272.5684,449983.7804
영업/정상,서울특별시 강서구 마곡동 735-0 마곡엠밸리12단지 (지상 1층) 상가동 103호,"서울특별시 강서구 마곡서1로 146, 상가동 1층 103호 (마곡동, 방화 1동 마곡엠밸리12단지)",,
영업/정상,서울특별시 강서구 화곡동 98-150 모현빌딩 (지상 1층),"서울특별시 강서구 까치산로 29, 1층 (화곡동, 본동 모현빌딩)",186101.2245,448926.9395
영업/정상,서울특별시 강서구 화곡동 926-5번지 한양아이클래스 101호,"서울특별시 강서구 강서로7길 107, 1층 101호 (화곡동, 1동 한양아이클래스)",185958.5489,447412.8929
영업/정상,서울특별시 강서구 등촌동 647-83번지 (지상 1층) ,"서울특별시 강서구 공항대로61길 13, 1층 (등촌동, 1동)",188035.9528,449946.4353
영업/정상,서울특별시 강서구 공항동 53-58 (지상 1층),"서울특별시 강서구 송정로 60, 1층 (공항동, 공항동)",183157.7469,450892.1015
영업/정상,서울특별시 강서구 염창동 272-21번지 대경캐슬 (지상 1층) 101호,"서울특별시 강서구 공항대로65길 51, 1층 101호 (염창동, 대경캐슬)",188436.9206,449803.9706
영업/정상,서울특별시 강서구 마곡동 797-10 엠팰리체 (지상 1층) 110호,"서울특별시 강서구 마곡동로4길 15, 엠팰리체 1층 110호 (마곡동)",185377,450842
영업/정상,서울특별시 강서구 가양동 276-2 한림빌딩 (지상 1층) 101호,"서울특별시 강서구 양천로49길 35, 한림빌딩 1층 101호 (가양동)",185838.385,452001.5489
영업/정상,서울특별시 강서구 화곡동 353-55 제이케이빌딩 (지상 1층),"서울특별시 강서구 강서로17길 62, 제이케이빌딩 1층 (화곡동)",185998.3685,447836.8261
영업/정상,서울특별시 강서구 방화동 485-3번지 (지상 1층) ,"서울특별시 강서구 양천로11길 14, 1층 (방화동)",183149.5912,452423.0485
영업/정상,서울특별시 강서구 가양동 1461-0번지 가양2단지아파트 (지상 1층) 상가동 106호,"서울특별시 강서구 허준로 47, 상가동 1층 106호 (가양동, 가양2단지아파트)",186429.3278,452034.2757
영업/정상,서울특별시 강서구 화곡동 56-308번지 (지상 1층) ,"서울특별시 강서구 초록마을로10길 21, 1층 (화곡동)",186642.0112,448801.6397
영업/정상,서울특별시 강서구 등촌동 678-13번지 (지상 1층) ,"서울특별시 강서구 강서로 392-11, 1층 (등촌동)",185770.9559,450956.3629
영업/정상,서울특별시 강서구 화곡동 1093-76 KBS스포츠월드 (지상 1층) ,"서울특별시 강서구 공항대로 376, KBS스포츠월드 1층 (화곡동)",186463.8348,450518.1421
영업/정상,서울특별시 강서구 염창동 113-9번지 대운빌딩 (지상 1층) ,"서울특별시 강서구 양천로75길 50, 대운빌딩 1층 (염창동)",188944.6126,449963.1536
영업/정상,서울특별시 강서구 화곡동 1114-0번지 (지상 1층) ,"서울특별시 강서구 까치산로 193, 1층 (화곡동)",187039.9991,450251.5267
영업/정상,서울특별시 강서구 내발산동 723-9 세란빌딩 (지상 1층),"서울특별시 강서구 강서로 251, 세란빌딩 1층 (내발산동)",185440.4831,449556.0773
영업/정상,서울특별시 강서구 화곡동 1086-3번지 (지상 1층) ,"서울특별시 강서구 화곡로18길 31, 1층 (화곡동)",185445.0178,448533.8821
영업/정상,서울특별시 강서구 화곡동 1056-0번지 (지상 1층) ,"서울특별시 강서구 화곡로31길 53, 1층 (화곡동)",185832.3081,449137.9556
영업/정상,서울특별시 강서구 등촌동 674-9 (지상 1층) ,"서울특별시 강서구 강서로54길 27, 1층 (등촌동)",185795.9473,450778.6341
영업/정상,서울특별시 강서구 화곡동 24-275 예담채 101호,"서울특별시 강서구 초록마을로5길 25, 1층 (화곡동, 예담채)",186446.9579,449074.4347
영업/정상,"서울특별시 강서구 염창동 289번지 신동아아파트 103,4호","서울특별시 강서구 양천로67길 32, 상가동 103~104호 (염창동, 신동아아파트)",188359.5655,450325.8385
영업/정상,서울특별시 강서구 화곡동 906-1번지 1층 ,"서울특별시 강서구 강서로5나길 21, 1층 (화곡동)",186414.0441,447363.3839
영업/정상,서울특별시 강서구 외발산동 216-18번지 (지상 1층) ,"서울특별시 강서구 남부순환로19길 81, 1층 (외발산동)",184401.0014,449434.3666
영업/정상,서울특별시 강서구 마곡동 750 마곡엠밸리14단지 1층 상가동 107호,"서울특별시 강서구 마곡중앙로 33, 상가동 1층 107호 (마곡동, 마곡엠밸리14단지)",184612.18956900000  ,450961.51092300000  
영업/정상,서울특별시 강서구 내발산동 753-0번지 마곡수명산파크4단지아파트 상가동 101~102호,"서울특별시 강서구 수명로1길 16, 상가동 1층 101~102 일부 호 (내발산동, 마곡수명산파크4단지아파트)",184320.6579,449900.2514
영업/정상,서울특별시 강서구 등촌동 656-0번지 경동미르웰한올림 (지상 1층) 101동 103호,"서울특별시 강서구 화곡로64길 2, 경동미르웰한올림 101동 1층 103호 (등촌동)",186992.1353,450564.4014
영업/정상,서울특별시 강서구 화곡동 1081-39 1층 ,"서울특별시 강서구 강서로31길 52, 1층 (화곡동)",185680.7862,448576.1946
영업/정상,서울특별시 강서구 마곡동 739-2번지 우성르보아투 (지상 1층) 121호,"서울특별시 강서구 마곡중앙5로 87, 우성르보아투 1층 121호 (마곡동)",183837,451687
영업/정상,서울특별시 강서구 화곡동 918-21 기룡빌딩 1층,"서울특별시 강서구 곰달래로 104, 기룡빌딩 1층 (화곡동)",186173.6815,447571.6493
영업/정상,서울특별시 강서구 가양동 1482 가양도시개발공사아파트(가양8단지아파트) ,"서울특별시 강서구 허준로 176, 1층 105, 106호 (가양동, 가양도시개발공사아파트(가양8단지아파트))",187311.2657,451100.6191
영업/정상,서울특별시 강서구 마곡동 776-4번지 엠코지니어스타 B동 107호,"서울특별시 강서구 강서로 471, 엠코지니어스타 B동 1층 107호 (마곡동)",185830,451679
영업/정상,서울특별시 강서구 가양동 448-11번지 가양글로벌퍼스트 104동 107호,"서울특별시 강서구 화곡로72길 62, 가양글로벌퍼스트 104층 107호 (가양동)",187454.1243,450913.8552
영업/정상,서울특별시 강서구 내발산동 756번지 마곡수명산파크7단지아파트 상가동 101호,"서울특별시 강서구 수명로2가길 22, 상가동 1층 101호 (내발산동, 마곡수명산파크7단지아파트)",184263.0463,449557.8774
영업/정상,서울특별시 강서구 등촌동 691-3번지 부영아파트 상가동 109호,"서울특별시 강서구 강서로56나길 110, 상가동 1층 109~111호 (등촌동, 부영아파트)",186115.8879,451264.7672
영업/정상,서울특별시 강서구 내발산동 658-0 명성빌딩 (지상 1층) ,"서울특별시 강서구 공항대로38길 80, 명성빌딩 1층 (내발산동)",185972.6913,450530.5223
영업/정상,서울특별시 강서구 등촌동 639-8 에이스에이존 (지상 1층),"서울특별시 강서구 화곡로68길 36, 에이스에이존 1층 111,112호 (등촌동)",187220.502,450708.9728
영업/정상,서울특별시 강서구 공항동 60-31번지 ,"서울특별시 강서구 송정로 37, 1층 (공항동)",183211.7113,450672.554
영업/정상,서울특별시 강서구 등촌동 695번지 등촌5단지주공아파트 ,"서울특별시 강서구 공항대로39길 74, 1층 101호 (등촌동, 등촌5단지주공아파트)",186223.7934,450919.8257
영업/정상,서울특별시 강서구 등촌동 715 등촌아이파크아파트 (지상 1층) 상가동 105호,"서울특별시 강서구 등촌로 163, 상가동 1층 105호 (등촌동, 등촌아이파크아파트)",187578.179,449082.4341
영업/정상,서울특별시 강서구 마곡동 808 이화여자대학교 제2부속병원 지하1층,"서울특별시 강서구 공항대로 260, 이화여자대학교 제2부속병원 지하1층 (마곡동)",185455.1708,450604.2394
영업/정상,서울특별시 강서구 등촌동 720번지 103호,"서울특별시 강서구 양천로 516, 1층 103호 (등촌동)",187282.7452,450848.5249
영업/정상,서울특별시 강서구 내발산동 687-1번지 (지상 1층) ,"서울특별시 강서구 강서로47길 67, 1층 (내발산동)",185120.5537,450080.8595
영업/정상,서울특별시 강서구 화곡동 469-30번지 1층 ,"서울특별시 강서구 곰달래로53길 121, 1층 (화곡동)",187205.5079,448236.1086
영업/정상,서울특별시 강서구 방화동 557-7 남성아트빌(지상 1층) 101동 101호,"서울특별시 강서구 양천로 50, 101동 1층 101호 (방화동, 남성아트빌)",183087.8939,452293.6656
영업/정상,서울특별시 강서구 마곡동 800-1번지 문영 퀸즈파크11차 131호,"서울특별시 강서구 공항대로 212, 문영 퀸즈파크11차 131호 (마곡동)",,
영업/정상,"서울특별시 강서구 방화동 585-6번지 1층 3,4호","서울특별시 강서구 초원로 22, 1층 3,4호 (방화동)",182957.326,451714.6498
영업/정상,서울특별시 강서구 등촌동 654-76번지 1층 ,"서울특별시 강서구 화곡로64길 86, 1층 (등촌동)",187339.5511,450382.1812
영업/정상,서울특별시 강서구 등촌동 705-6번지 등촌주공아파트11단지 1101동 101호,"서울특별시 강서구 공항대로43길 39, 1101동 101호 (등촌동, 등촌주공아파트11단지)",186598.7304,450774.8887
영업/정상,서울특별시 강서구 염창동 292번지 염창동아아파트(지상 1층) 상가동 ,"서울특별시 강서구 양천로69길 58, 상가동 1층 105호 (염창동, 염창동아아파트)",188719.0005,450294.4983
영업/정상,서울특별시 강서구 화곡동 1125 하이웨이주유소(지상 1층),"서울특별시 강서구 공항대로 432, 하이웨이주유소 1층 (화곡동)",187100.7064,450276.5039
영업/정상,서울특별시 강서구 마곡동 716-0번지 한솔솔파크아파트 (지상 1층) 110동 101호,"서울특별시 강서구 양천로30길 77, 110동 1층 101호 (마곡동, 한솔솔파크아파트)",184321.3246,451947.2145
영업/정상,서울특별시 강서구 방화동 883 경남아너스빌 (지상 1층) 상가동 102~103호,"서울특별시 강서구 양천로26길 38, 상가동 1층 102~103호 (방화동, 경남아너스빌)",183908.4535,452235.9074
영업/정상,서울특별시 강서구 화곡동 1112-1번지 (지상 1층) ,"서울특별시 강서구 공항대로46길 35, 1층 (화곡동)",186894.6291,450219.7704
영업/정상,서울특별시 강서구 방화동 456번지 1층 ,"서울특별시 강서구 금낭화로17길 15, 1층 (방화동)",183204.5588,452558.3942
영업/정상,서울특별시 강서구 화곡동 938-2 1층,"서울특별시 강서구 월정로20길 25, 1층 (화곡동)",185791.9391,447519.8749
영업/정상,서울특별시 강서구 등촌동 628-7번지 1층 103호 ,"서울특별시 강서구 화곡로68길 15, 1층 103호 (등촌동)",187142.5202,450809.3662
영업/정상,서울특별시 강서구 마곡동 776번지 마곡파크뷰대방디엠시티오피스텔(지상 1층) 127호,"서울특별시 강서구 마곡동로10길 23, 마곡파크뷰대방디엠시티오피스텔 1층 127호 (마곡동)",,
영업/정상,서울특별시 강서구 화곡동 465-8번지 1층 ,"서울특별시 강서구 곰달래로49길 112, 1층 (화곡동)",187122.7756,448210.8278
영업/정상,서울특별시 강서구 화곡동 820-17번지 상재아트빌(지상 1층) ,"서울특별시 강서구 곰달래로49가길 21, 상재아트빌 1층 (화곡동, 상재아트빌)",187372.5771,448058.8525
영업/정상,서울특별시 강서구 방화동 886번지 김포국제공항 국제선청사 3층 ,"서울특별시 강서구 하늘길 38, 김포국제공항 국제선청사 3층 (방화동)",182524.8238,451438.2509
영업/정상,서울특별시 강서구 화곡동 1008번지 1층 101-1호,"서울특별시 강서구 강서로45길 49, 훼미리마트 1층 101-1호 (화곡동)",185210.8676,449521.3548
영업/정상,서울특별시 강서구 방화동 186-3번지 마곡미라클 102동 101호,"서울특별시 강서구 방화대로34길 60, 102동 1층 101호 (방화동, 마곡미라클)",184015.6387,452005.9032
영업/정상,서울특별시 강서구 마곡동 798-2번지 류마타워(지상 1층) 103호,"서울특별시 강서구 공항대로 164, 류마타워 1층 103호 (마곡동)",,
영업/정상,서울특별시 강서구 화곡동 806-5번지 보노하우스 101호,"서울특별시 강서구 곰달래로57길 37, 1층 101호 (화곡동, 보노하우스)",187702.92,447967.4154
영업/정상,서울특별시 강서구 마곡동 760번지 마곡나루역보타닉푸르지오시티(지상 1층) 107호,"서울특별시 강서구 마곡중앙5로 6, 마곡나루역보타닉푸르지오시티 1층 107호 (마곡동)",184650,451667
영업/정상,서울특별시 강서구 화곡동 473-7번지 1층 ,"서울특별시 강서구 등촌로13아길 30-1, 1층 (화곡동)",187286.4417,448329.162
영업/정상,서울특별시 강서구 방화동 608-140번지 1층 ,"서울특별시 강서구 초원로16길 24, 1층 (방화동)",183591.8853,451589.0085
영업/정상,서울특별시 강서구 등촌동 524-13번지 그레이트마트 1층 ,"서울특별시 강서구 등촌로39길 30, 1층 (등촌동, 그레이트마트)",187634.2389,449311.9992
영업/정상,서울특별시 강서구 내발산동 742번지 마곡수명산파크1단지아파트(지상 1층) 상가2동 102호,"서울특별시 강서구 강서로47길 108, 상가2(후문)동 1층 102호 (내발산동, 마곡수명산파크1단지아파트)",184927.0267,450247.9818
영업/정상,서울특별시 강서구 마곡동 799-1번지 106호,"서울특별시 강서구 공항대로 186, 1층 106호 (마곡동)",,
영업/정상,서울특별시 강서구 화곡동 791-12번지 1층 ,"서울특별시 강서구 강서로8길 200, 1층 (화곡동)",187496.9958,447640.6184
영업/정상,서울특별시 강서구 가양동 56-2번지 강서오토플랙스 자동차매매센터 102호,"서울특별시 강서구 양천로 390, 강서오토플랙스 자동차매매센터 1층 102호 (가양동)",186209.9761,451531.6671
영업/정상,서울특별시 강서구 화곡동 826-13번지 (지상 1층) ,"서울특별시 강서구 등촌로13다길 32-18, 1층 (화곡동)",187456.1745,448152.7093
영업/정상,서울특별시 강서구 마곡동 739-1 마곡더블유타워 1층 123호,"서울특별시 강서구 방화대로 294, 마곡더블유타워 1층 123호 (마곡동)",183768.6964,451652.6216
영업/정상,서울특별시 강서구 화곡동 371-7번지 (지상 1층) ,"서울특별시 강서구 월정로32길 71, 1층 (화곡동)",185709.6459,448237.0748
영업/정상,서울특별시 강서구 화곡동 410-17번지 (지상 1층) ,"서울특별시 강서구 초록마을로30길 7, 1층 (화곡동)",186565.1733,448344.1434
영업/정상,서울특별시 강서구 등촌동 688-2 등촌3단지주공아파트 상가동 104호 ,"서울특별시 강서구 강서로56나길 41, 등촌3단지주공아파트 상가동 1층 104호 (등촌동)",185938.6099,451011.6932
영업/정상,서울특별시 강서구 공항동 53-15번지 1층 일부호 ,"서울특별시 강서구 송정로 70, 1층 일부호 (공항동)",183137.3941,450980.5368
영업/정상,서울특별시 강서구 마곡동 798-16번지 M밸리 W-TOWER Ⅳ(지상 1층) 110호,"서울특별시 강서구 마곡중앙1로 14, M밸리 W-TOWER Ⅳ 1층 110호 (마곡동)",,
영업/정상,서울특별시 강서구 화곡동 24-80번지 움터(지상 1층) ,"서울특별시 강서구 화곡로42길 15, 움터 1층 (화곡동)",186359.3121,449375.5531
영업/정상,서울특별시 강서구 화곡동 973-1번지 1층 ,"서울특별시 강서구 까치산로17길 35, 1층 (화곡동)",186486.0414,449624.2528
영업/정상,서울특별시 강서구 화곡동 102-182번지 지층 비01호,"서울특별시 강서구 초록마을로34길 85, 지층 비01호 (화곡동)",186194.4116,448580.2254
영업/정상,서울특별시 강서구 등촌동 639번지 1층 ,"서울특별시 강서구 화곡로 404, 1층 (등촌동)",187069.8489,450787.4083
영업/정상,서울특별시 강서구 등촌동 631번지 등촌동두산위브센티움(지상 1층) 103호,"서울특별시 강서구 양천로 564, 등촌동두산위브센티움 1층 103호 (등촌동)",187682.6904,450578.8928
영업/정상,서울특별시 강서구 화곡동 841-26번지 1층 ,"서울특별시 강서구 곰달래로50길 19, 1층 (화곡동)",187403.5751,447624.7261
영업/정상,서울특별시 강서구 화곡동 56-80번지 1층 ,"서울특별시 강서구 초록마을로 89, 1층 (화곡동)",186797.3496,448689.1929
영업/정상,서울특별시 강서구 공항동 34-50번지 한신빌딩(지상 1층) ,"서울특별시 강서구 공항대로8길 17, 한신빌딩 1층 (공항동)",183355.0668,450906.91
영업/정상,"서울특별시 강서구 마곡동 801-7 1층 109,110호","서울특별시 강서구 마곡중앙4로 74, 1층 109,110호 (마곡동)",185346.5575,450636.9717
영업/정상,서울특별시 강서구 등촌동 634-13번지 심미에셈빌 ,"서울특별시 강서구 공항대로59다길 1, 제1층 제101호 (등촌동, 심미에셈빌)",187898.985,450186.5879
영업/정상,서울특별시 강서구 화곡동 815-29 봉황아파트 1층 101호,"서울특별시 강서구 등촌로13길 67, 1층 101호 (화곡동, 봉황아파트)",187559.4006,448236.2392
영업/정상,서울특별시 강서구 등촌동 680-2번지 동우빌딩 1층 ,"서울특별시 강서구 강서로 418, 동우빌딩 1층 (등촌동)",185791.3956,451169.3603
영업/정상,서울특별시 강서구 방화동 612-275 공항타워펠리스오피스텔 나동 101호,"서울특별시 강서구 개화동로29길 14, 공항타워펠리스오피스텔 나동 101호 (방화동)",182933.5159,451251.3463
영업/정상,서울특별시 강서구 마곡동 768-2번지 동익드미라벨복합빌딩(지상 1층) 116호,"서울특별시 강서구 마곡서로 101, 동익드미라벨복합빌딩 1층 116호 (마곡동)",184386,451226
영업/정상,서울특별시 강서구 내발산동 750-11번지 신원메디칼프라자 1층 105호,"서울특별시 강서구 강서로47길 165, 신원메디칼프라자 1층 105호 (내발산동)",184636.5334,450143.8721
영업/정상,서울특별시 강서구 마곡동 743-4번지 마곡엠밸리7단지 713동 101호,"서울특별시 강서구 마곡서로 133, 713동 1층 101호 (마곡동, 마곡엠밸리7단지)",184368.6867,451726.49215700000  
영업/정상,서울특별시 강서구 마곡동 373-14 마곡나루역 지하1층 ,"서울특별시 강서구 마곡중앙로 지하 135, 마곡나루역 지하1층 (마곡동)",,
영업/정상,서울특별시 강서구 마곡동 812번지 서울식물원 식물문화센터 4층 ,"서울특별시 강서구 마곡동로 161, 서울식물원 식물문화센터 4층 (마곡동)",185444,451896
영업/정상,서울특별시 강서구 내발산동 696번지 1층 ,"서울특별시 강서구 강서로47라길 31, 1층 (내발산동)",185139.6551,449946.7617
영업/정상,서울특별시 강서구 등촌동 518-24 (지상 1층),"서울특별시 강서구 등촌로39마길 24, 1층 (등촌동)",187456.348,449360.052
영업/정상,서울특별시 강서구 화곡동 878-10 (지상 1층) ,"서울특별시 강서구 강서로8길 47, 1층 (화곡동)",186727.4463,447552.8167
영업/정상,서울특별시 강서구 염창동 280-1 로보사옥(지상 1층) ,"서울특별시 강서구 공항대로71길 19, 로보사옥 1층 (염창동)",188628.1314,449570.3737
영업/정상,서울특별시 강서구 화곡동 796-1 피앤와이빌딩 ,"서울특별시 강서구 곰달래로 260, 피앤와이빌딩 1층 (화곡동)",187715.4764,447757.3105
영업/정상,서울특별시 강서구 화곡동 1006-7 1층코너 ,"서울특별시 강서구 강서로45가길 11, 1층코너 (화곡동)",185407.2634,449473.1279
영업/정상,서울특별시 강서구 화곡동 862-11 (지상 1층) ,"서울특별시 강서구 곰달래로 205, 1층 (화곡동)",187187.2724,447710.7261
영업/정상,서울특별시 강서구 가양동 1498 강서한강자이타워 A동 103호,"서울특별시 강서구 양천로 401, 강서한강자이타워 A동 103층 (가양동)",186501.2332,451485.2519
영업/정상,서울특별시 강서구 마곡동 794-1 우성에스비타워 124호,"서울특별시 강서구 강서로 385, 우성에스비타워 1층 124호 (마곡동)",185642.6673,450883.0068
영업/정상,서울특별시 강서구 내발산동 663-10,"서울특별시 강서구 우장산로 31, 1층 (내발산동)",185846.31,450267.9321
영업/정상,서울특별시 강서구 마곡동 773 힐스테이트에코마곡역 104호,"서울특별시 강서구 마곡중앙로 76, 힐스테이트에코마곡역 1층 104호 (마곡동)",,
영업/정상,"서울특별시 강서구 등촌동 633-24 (지상 1층) 3,4호","서울특별시 강서구 공항대로59다길 39, 101동 1층 3,4호 (등촌동)",188060.9366,450100.5315
영업/정상,서울특별시 강서구 공항동 1373-5 김포국제공항 국내선터미널 1층,"서울특별시 강서구 하늘길 112, 김포국제공항 국내선터미널 1층 (공항동)",183007.2201,450515.642
영업/정상,서울특별시 강서구 화곡동 1091 화곡푸르지오(지상 1층) 상가동 101호,"서울특별시 강서구 화곡로13길 107, 상가동 1층 101호 (화곡동, 화곡푸르지오)",185034.347,449164.9725
영업/정상,서울특별시 강서구 등촌동 671-3 주양빌딩(지상 1층) 101호,"서울특별시 강서구 강서로56길 50, 주양빌딩 1층 101호 (등촌동)",185928.5564,450782.1422
영업/정상,서울특별시 강서구 공항동 1340 ,서울특별시 강서구 남부순환로11길 28 (공항동),183595.6546,450285.0703
영업/정상,서울특별시 강서구 가양동 1482 가양도시개발공사아파트(가양8단지아파트) 상가동 101호,"서울특별시 강서구 허준로 176, 상가동 101호 (가양동, 가양도시개발공사아파트(가양8단지아파트))",187311.2657,451100.6191
영업/정상,서울특별시 강서구 등촌동 636 1층 ,"서울특별시 강서구 화곡로68길 132, 1층 (등촌동)",187625.5321,450484.8075
영업/정상,서울특별시 강서구 방화동 887 개화산경남아너스빌(지상 1층) 101호,"서울특별시 강서구 양천로14가길 23, 1층 101호 (방화동, 개화산경남아너스빌)",183014.5111,452195.5864
영업/정상,서울특별시 강서구 등촌동 655-27 등촌현대1차아파트 101호,"서울특별시 강서구 공항대로45길 24, 등촌현대1차아파트 101호 (등촌동, 등촌현대1차아파트)",187146.1253,450413.6462
영업/정상,서울특별시 강서구 공항동 1373-5 B동 1층 ,"서울특별시 강서구 하늘길 233, B동 1층 (공항동)",183007.2201,450515.642
영업/정상,서울특별시 강서구 화곡동 1110 (지상 1층) 104호,"서울특별시 강서구 화곡로 354-5, 1층 104호 (화곡동)",186908.9208,450297.3931
영업/정상,서울특별시 강서구 화곡동 353-1 수경빌딩(지상 1층),"서울특별시 강서구 가로공원로76가길 76, 수경빌딩 1층 (화곡동)",186048.7429,448017.4384
영업/정상,서울특별시 강서구 화곡동 102-160 1층 ,"서울특별시 강서구 까치산로4길 67, 1층 (화곡동)",186356.9347,448680.6148
영업/정상,서울특별시 강서구 공항동 1373-5 국립항공박물관(지상 3층) ,"서울특별시 강서구 하늘길 177, 국립항공박물관 3층 (공항동)",183007.2201,450515.642
영업/정상,서울특별시 강서구 마곡동 14-6 1층 ,"서울특별시 강서구 양천로47나길 7, 1층 (마곡동)",185647.7744,452149.5122
영업/정상,서울특별시 강서구 마곡동 812 서울식물원 1층 ,"서울특별시 강서구 마곡동로 161, 서울식물원 1층 (마곡동)",185444,451896
영업/정상,서울특별시 강서구 방화동 886 김포공항역(지하 1층) ,"서울특별시 강서구 하늘길 지하 77, 김포공항역 지하 1층 (방화동)",182524.8238,451438.2509
영업/정상,서울특별시 강서구 공항동 산 20-2 공항시장역(9호선) ,"서울특별시 강서구 방화동로 지하 30, 공항시장역(9호선) (공항동)",183195.3951,451275.487
영업/정상,서울특별시 강서구 화곡동 1145 우장산롯데캐슬아파트 상가동 107호,"서울특별시 강서구 공항대로 382, 상가동 1층 107호 (화곡동, 우장산롯데캐슬아파트)",186520.5494,450383.0795
영업/정상,서울특별시 강서구 염창동 284-84 염창역 9호선 지하1층 ,"서울특별시 강서구 공항대로 지하 631, 염창역 9호선 지하1층 (염창동)",188900.0274,449430.0508
영업/정상,서울특별시 강서구 등촌동 511-10 태호빌딩(지상 1층) ,"서울특별시 강서구 등촌로51가길 27, 태호빌딩 1층 (등촌동)",187773.8926,449503.1146
영업/정상,서울특별시 강서구 화곡동 1105-7 1층 ,"서울특별시 강서구 우장산로16길 19, 1층 (화곡동)",186630.0724,450017.4915
영업/정상,서울특별시 강서구 화곡동 1051-1 경동엠파이어시티 101동 104호,"서울특별시 강서구 강서로 187, 경동엠파이어시티 101동 104호 (화곡동)",185687.6329,448972.0756
영업/정상,서울특별시 강서구 가양동 159-3 양천향교역(지하 1층) ,"서울특별시 강서구 양천로 지하 341, 양천향교역 지하 1층 (가양동)",185865.3391,451835.3241
영업/정상,서울특별시 강서구 화곡동 373-5 ,서울특별시 강서구 가로공원로76길 38 (화곡동),185553.4358,448132.9671
영업/정상,서울특별시 강서구 방화동 19-2,"서울특별시 강서구 양천로27길 280-11, 1층 (방화동)",184105.2539,453626.0995
영업/정상,서울특별시 강서구 방화동 886 김포공항역 지하1층 ,"서울특별시 강서구 하늘길 지하 77, 김포공항역 지하1층 (방화동)",182524.8238,451438.2509
영업/정상,서울특별시 강서구 화곡동 776-1 1층 ,"서울특별시 강서구 곰달래로59길 16, 1층 (화곡동)",187832.3794,447878.5133
영업/정상,서울특별시 강서구 염창동 244-35 1층 102호,"서울특별시 강서구 양천로69길 11, 1층 102호 (염창동)",188474.2134,450106.7216
영업/정상,서울특별시 강서구 화곡동 934-3 1층 ,"서울특별시 강서구 강서로5나길 121, 1층 (화곡동)",185910.9415,447332.1053
영업/정상,서울특별시 강서구 공항동 659-13 1층 ,"서울특별시 강서구 남부순환로11길 94, 1층 (공항동)",183576.0928,450617.8653
영업/정상,서울특별시 강서구 화곡동 901-24 한백e타운아파트 1층 101동 101호,"서울특별시 강서구 강서로7길 45, 101동 1층 101호 (화곡동, 한백e타운아파트)",186253.0896,447461.6245
영업/정상,서울특별시 강서구 화곡동 988-22 1층,"서울특별시 강서구 화곡로53길 9, 1층 (화곡동)",186519.3692,449886.0062
영업/정상,서울특별시 강서구 화곡동 1021 해온빌딩 1층 104호,"서울특별시 강서구 화곡로21길 87, 해온빌딩 1층 104호 (화곡동)",185428.3572,449169.6173
영업/정상,서울특별시 강서구 공항동 42-22 청보빌딩 1층 ,"서울특별시 강서구 공항대로 34, 청보빌딩 1층 (공항동)",183227.9639,450986.476
영업/정상,서울특별시 강서구 화곡동 993-36 지하1층,"서울특별시 강서구 화곡로53길 58, 지하1층 (화곡동)",186302.3673,449987.0388
영업/정상,서울특별시 강서구 등촌동 562-5 그린임광아파트 1층 상가동 101호,"서울특별시 강서구 등촌로 113, 상가동 1층 101호 (등촌동, 그린임광아파트)",187855.0264,448700.6672
영업/정상,서울특별시 강서구 마곡동 326-19 마곡빌딩 1층 101호,"서울특별시 강서구 양천로30길 32, 마곡빌딩 1층 101호 (마곡동)",184258.2453,452190.9904
영업/정상,서울특별시 강서구 마곡동 798-12 엠리체 1층 103호,"서울특별시 강서구 마곡중앙1로 26, 엠리체 1층 103호 (마곡동)",,
영업/정상,서울특별시 강서구 공항동 723 1층,"서울특별시 강서구 송정로 10, 1층 (공항동)",183353.1999,450442.1467
영업/정상,서울특별시 강서구 마곡동 759-2 107호,"서울특별시 강서구 마곡중앙5로 22, 1층 107호 (마곡동)",,
영업/정상,서울특별시 강서구 화곡동 357-28 1층 ,"서울특별시 강서구 월정로 128-1, 1층 (화곡동)",185626.5125,447611.1596
영업/정상,서울특별시 강서구 화곡동 1053-8 1층 ,"서울특별시 강서구 화곡로27길 20, 1층 (화곡동)",185821.0039,448955.0124
영업/정상,"서울특별시 강서구 가양동 1475 강변아파트 1층 103,104호 ","서울특별시 강서구 허준로 139, 1층 103,104호 (가양동, 강변아파트)",187178.7373,451447.1145
영업/정상,서울특별시 강서구 마곡동 798-16 M밸리 W TOWER Ⅳ 110호,"서울특별시 강서구 마곡중앙1로 14, M밸리 W TOWER Ⅳ 1층 110호 (마곡동)",184487.6831,450704.46
영업/정상,서울특별시 강서구 화곡동 1170 우장산역 해링턴 타워 101호,"서울특별시 강서구 강서로 231, 1층 101호 (화곡동, 우장산역 해링턴 타워)",,
영업/정상,서울특별시 강서구 화곡동 410-246 1층일부호,"서울특별시 강서구 초록마을로 122, 1층 일부호 (화곡동)",186729.6094,448398.615
영업/정상,서울특별시 강서구 화곡동 348-9 영상빌딩 1층 ,"서울특별시 강서구 강서로 61, 영상빌딩 1층 (화곡동)",186288.2619,447872.9223
영업/정상,서울특별시 강서구 마곡동 725-1 마곡힐스테이트 1층 상가동 102호,"서울특별시 강서구 마곡중앙3로 74, 상가동 1층 102호 (마곡동, 마곡힐스테이트)",183835.8881,451321.4264
영업/정상,서울특별시 강서구 방화동 598-106 1층,"서울특별시 강서구 초원로 56, 1층 (방화동)",183283.5575,451719.3538
영업/정상,서울특별시 강서구 등촌동 10-14 1층,"서울특별시 강서구 양천로 418, 1층 (등촌동)",186483.2045,451389.0936
영업/정상,서울특별시 강서구 화곡동 1068 1층,"서울특별시 강서구 강서로33길 103, 1층 (화곡동)",185282.383,448711.0326
영업/정상,서울특별시 강서구 화곡동 56-501 영어나라어린이집 1층,"서울특별시 강서구 초록마을로22길 24, 영어나라어린이집 1층 (화곡동)",186687.401,448615.5196
영업/정상,서울특별시 강서구 가양동 14-61 가양역,"서울특별시 강서구 양천로 지하 485, 가양역 1층 (가양동)",187030.5405,451063.5129
영업/정상,서울특별시 강서구 방화동 898 경동팰리스힐 1층 102~104호,"서울특별시 강서구 양천로14길 44, 1층 102~104호 (방화동, 경동팰리스힐)",183102.2381,452126.8274
영업/정상,서울특별시 강서구 화곡동 56-252 우성트윈캐슬아파트 1층 101호,"서울특별시 강서구 초록마을로 71, 1층 101호 (화곡동, 우성트윈캐슬아파트)",186728.272,448837.1225
영업/정상,서울특별시 강서구 염창동 95 2층,"서울특별시 강서구 양천로73길 49, 2층 (염창동)",188816.6722,450007.2726
영업/정상,서울특별시 강서구 화곡동 102-348 더숨 포레스트 1층,"서울특별시 강서구 초록마을로34길 57, 1층 (화곡동, 더숨 포레스트)",186237.4706,448455.2272
영업/정상,서울특별시 강서구 공항동 654 1층,"서울특별시 강서구 송정로4길 46, 1층 (공항동)",183453.5096,450691.8307
영업/정상,서울특별시 강서구 내발산동 718-20 102동 제지1층 제비02호,"서울특별시 강서구 강서로45나길 59, 102동 제지1층 제비02호 (내발산동, 도화엘리시아)",185393.6497,449843.0861
영업/정상,서울특별시 강서구 가양동 1472 장애인자립장및 보훈회관 1층,"서울특별시 강서구 허준로 95-9, 장애인자립장및 보훈회관 1층 (가양동)",186837.3601,451692.3966
영업/정상,"서울특별시 강서구 염창동 261-4 1층 101,110호","서울특별시 강서구 양천로 738, 1층 101,110호 (염창동)",189124.4412,449608.3003
영업/정상,서울특별시 강서구 등촌동 666-94 등촌역9호선,"서울특별시 강서구 공항대로 지하 529, 등촌역9호선 (등촌동)",187985.0521,449887.1625
영업/정상,서울특별시 강서구 화곡동 409-203 1층,"서울특별시 강서구 초록마을로 148, 1층 (화곡동)",186513.0056,448295.6514
영업/정상,서울특별시 강서구 화곡동 352-5 1층,"서울특별시 강서구 월정로30길 102, 1층 (화곡동)",185908.2495,448162.1623
영업/정상,서울특별시 강서구 화곡동 1059-28 1층,"서울특별시 강서구 화곡로31길 22, 1층 (화곡동)",185985.266,449125.4869
영업/정상,서울특별시 강서구 화곡동 1093-76 KBS스포츠월드,"서울특별시 강서구 공항대로 376, KBS스포츠월드 1층 (화곡동)",186463.8348,450518.1421
영업/정상,서울특별시 강서구 화곡동 152-6 1층,"서울특별시 강서구 초록마을로 129, 1층 (화곡동)",186672.6071,448336.3208
영업/정상,서울특별시 강서구 공항동 62-4,"서울특별시 강서구 공항대로2길 64, 1층 101~102호 (공항동)",183017.6815,450710.5273
영업/정상,서울특별시 강서구 염창동 264-13 한영빌딩,"서울특별시 강서구 양천로 698, 한영빌딩 1층 (염창동)",188731.0328,449747.0218
영업/정상,서울특별시 강서구 방화동 579 마곡 한진해모로 109동 103호,"서울특별시 강서구 양천로24가길 59, 109동 1층 103호 (방화동, 마곡 한진해모로)",183442.7587,452155.803
영업/정상,서울특별시 강서구 마곡동 795-1 필네이처,"서울특별시 강서구 마곡중앙8로 86, 필네이처 1층 106호 (마곡동)",185525,450963
영업/정상,"서울특별시 강서구 가양동 1459 동신아파트,대아아파트 상가동 108호","서울특별시 강서구 강서로 532, 상가동 1층 108호 (가양동, 동신아파트,대아아파트)",186092.3564,452221.0086
영업/정상,서울특별시 강서구 염창동 265-3 왈도강서캠퍼스,"서울특별시 강서구 양천로 660, 왈도강서캠퍼스 1층 L03호 (염창동)",188450.674,449991.9604
영업/정상,서울특별시 강서구 화곡동 24-39 자하클래식 101호,"서울특별시 강서구 화곡로 262, 자하클래식 1층 101호 (화곡동)",186392.8333,449547.5223
영업/정상,서울특별시 강서구 등촌동 631-5 103호,"서울특별시 강서구 양천로 570, 1층 103호 (등촌동)",187727.7587,450500.1265
영업/정상,서울특별시 강서구 내발산동 702-4 L01호 일부 01호,"서울특별시 강서구 강서로 294, 지하1층 L01호 일부 01호 (내발산동)",185497.0602,449986.8357
영업/정상,서울특별시 강서구 염창동 271-13 풍일빌딩 1층,"서울특별시 강서구 양천로 646-32, 풍일빌딩 1층 (염창동)",188258.3729,449993.3004
영업/정상,서울특별시 강서구 화곡동 357-19,"서울특별시 강서구 곰달래로 61, 1층 (화곡동)",185752.9294,447570.2392
영업/정상,서울특별시 강서구 공항동 683-1,"서울특별시 강서구 방화대로7길 51, 1층 (공항동)",183438.3603,450423.1944
영업/정상,서울특별시 강서구 마곡동 774-9 사이언스타 118호,"서울특별시 강서구 마곡중앙6로 42, 사이언스타 1층 118호 (마곡동)",185095.247,450885.0584
영업/정상,서울특별시 강서구 등촌동 507-1 107호,"서울특별시 강서구 등촌로 229, 1층 107호 (등촌동)",187863.8945,449788.0367
영업/정상,서울특별시 강서구 화곡동 398-19 수정빌딩,"서울특별시 강서구 강서로18다길 8, 수정빌딩 1층 (화곡동)",186476.7649,448046.5444
영업/정상,서울특별시 강서구 공항동 1349,"서울특별시 강서구 방화대로6라길 26, 1층 (공항동)",183894.3887,450447.2941
영업/정상,서울특별시 강서구 등촌동 648-10,"서울특별시 강서구 공항대로 521, 1층 102호 (등촌동)",187951.7783,449928.9223
영업/정상,서울특별시 강서구 마곡동 429 마곡벽산아파트,"서울특별시 강서구 양천로47길 118, 상가동 1층 104,105호 (마곡동, 마곡벽산아파트)",185605.3533,452617.0404
영업/정상,서울특별시 강서구 화곡동 1081-7 지하1층,"서울특별시 강서구 화곡로24길 14, 지하1층 (화곡동)",185631.3292,448684.9166
영업/정상,서울특별시 강서구 가양동 1480 영보빌딩 1층 일부호,"서울특별시 강서구 양천로57길 16, 영보빌딩 1층 일부호 (가양동)",186897.1345,451243.1021
영업/정상,서울특별시 강서구 마곡동 757 두산더랜드파크,"서울특별시 강서구 마곡중앙로 161-8, 두산더랜드파크 A동 1층 106호 (마곡동)",184655.2643,451864.2982
영업/정상,서울특별시 강서구 마곡동 799-1 로뎀타워,"서울특별시 강서구 공항대로 186, 로뎀타워 1층 121호 (마곡동)",184736.337,450772.9111
영업/정상,"서울특별시 강서구 등촌동 649-14 우림보보카운티뷰오피스텔 103-2,104-1호","서울특별시 강서구 공항대로 509, 우림보보카운티뷰오피스텔 1층 103-2,104-1호 (등촌동)",187851.4586,450002.6578
영업/정상,서울특별시 강서구 화곡동 993-1 101호,"서울특별시 강서구 우장산로 104, 1층 101호 (화곡동)",186454.6887,450106.5828
영업/정상,서울특별시 강서구 등촌동 641-11 청림오피스텔 104호,"서울특별시 강서구 공항대로45길 44, 청림오피스텔 1층 104호 (등촌동)",187197.4688,450519.9994
영업/정상,서울특별시 강서구 마곡동 748 마곡 13단지 힐스테이트 마스터,"서울특별시 강서구 마곡중앙1로 71, 제근린생활시설-1동 101호 (마곡동, 마곡 13단지 힐스테이트 마스터)",183882.4256,450626.281
영업/정상,서울특별시 강서구 방화동 246-48 1층,"서울특별시 강서구 양천로24길 93, 1층 (방화동)",183631.4318,451879.0709
영업/정상,서울특별시 강서구 방화동 819 방화8단지개화아파트 103호,"서울특별시 강서구 금낭화로 167, 1층 104호 (방화동, 방화8단지개화아파트)",183372.0251,453178.3057
영업/정상,서울특별시 강서구 내발산동 764 우장산 한울에이치밸리움,"서울특별시 강서구 공항대로42길 13, 지층 B02,B03호 (내발산동, 우장산 한울에이치밸리움)",,
영업/정상,서울특별시 강서구 등촌동 365-83 1층,"서울특별시 강서구 공항대로58나길 40-44, 1층 (등촌동)",187357.3103,449859.6562
영업/정상,서울특별시 강서구 염창동 312 센터스퀘어,"서울특별시 강서구 공항대로 543, 지층 B101호 (염창동, 센터스퀘어)",188123.9705,449841.9576
영업/정상,서울특별시 강서구 마곡동 784-2 마곡경동미르웰 101동 114호,"서울특별시 강서구 강서로 455, 마곡경동미르웰 101동 114호 (마곡동)",,
영업/정상,서울특별시 강서구 방화동 141 1층,"서울특별시 강서구 방화대로52길 40, 1층 (방화동)",183943.0625,452853.7674
영업/정상,서울특별시 강서구 화곡동 98-253 1층,"서울특별시 강서구 까치산로4길 34, 1층 (화곡동)",186226.2982,448792.7431
영업/정상,서울특별시 강서구 화곡동 913-11,"서울특별시 강서구 강서로5나길 90, 1층 (화곡동)",186069.5086,447378.0574
영업/정상,서울특별시 강서구 화곡동 1118-18 1층,"서울특별시 강서구 화곡로56길 33, 1층 (화곡동)",186825.915,449912.699
영업/정상,서울특별시 강서구 외발산동 282-2,"서울특별시 강서구 남부순환로 188, 1층 (외발산동)",183993.3931,449605.8657
영업/정상,"서울특별시 강서구 방화동 450-1 다우하임 더 프라임아파트 105,106호","서울특별시 강서구 양천로 77, 1층 105,106호 (방화동, 다우하임 더 프라임아파트)",183348.5937,452406.0663
영업/정상,서울특별시 강서구 등촌동 676 태진아름아파트,"서울특별시 강서구 등촌로53길 39, 상가동 1층 (등촌동, 태진아름아파트)",187592.5133,449719.077
영업/정상,서울특별시 강서구 염창동 309 e편한세상,"서울특별시 강서구 공항대로 583, 101동 7,8호 (염창동, e편한세상)",188508.5861,449646.9854
영업/정상,서울특별시 강서구 마곡동 795-2 마곡아이파크 112호,"서울특별시 강서구 마곡중앙8로 90, 마곡아이파크 1층 112호 (마곡동)",185581.018,450935.144
영업/정상,서울특별시 강서구 화곡동 371-20,"서울특별시 강서구 가로공원로 202, 1층 (화곡동)",185650.1169,448322.1731
영업/정상,서울특별시 강서구 마곡동 744 마곡 엠밸리 9단지 101호,"서울특별시 강서구 공항대로 103, 판매시설4동 1층 101호 (마곡동, 마곡 엠밸리 9단지)",,
영업/정상,서울특별시 강서구 가양동 1479-8 동양트레벨스카이오피스텔 1층 101호,"서울특별시 강서구 양천로57길 9-19, 동양트레벨스카이오피스텔 1층 101호 (가양동)",186758.9896,451280.7869
영업/정상,서울특별시 강서구 화곡동 935-19 1층,"서울특별시 강서구 월정로 102, 1층 (화곡동)",185747.6701,447360.2708
영업/정상,서울특별시 강서구 마곡동 797-4 발산파크프라자 106호,"서울특별시 강서구 공항대로 261, 발산파크프라자 1층 106호 (마곡동)",185486.6703,450776.8978
영업/정상,서울특별시 강서구 염창동 303 강변코아루,"서울특별시 강서구 양천로71길 54, 상가동 1층 101호 (염창동, 강변코아루)",188748.5137,450121.8991
영업/정상,서울특별시 강서구 화곡동 105-82 디아망2 1층 101호,"서울특별시 강서구 까치산로2길 3, 1층 101호 (화곡동, 디아망2)",186007.8057,448759.3188
영업/정상,서울특별시 강서구 마곡동 801-1 열린M타워Ⅱ1층 115호,"서울특별시 강서구 공항대로 242, 열린M타워Ⅱ 1층 115호 (마곡동)",185290.5755,450703.3536
영업/정상,서울특별시 강서구 방화동 249-28,"서울특별시 강서구 방화동로 80, 1층 (방화동)",183400.7148,451689.7828
영업/정상,서울특별시 강서구 마곡동 743 마곡엠밸리6단지,"서울특별시 강서구 마곡서1로 100, 601동 1층 상가107,108호 (마곡동, 마곡엠밸리6단지)",184095.2783,451462.4866
영업/정상,서울특별시 강서구 마곡동 744 마곡 엠밸리 9단지 판매시설3동 1층 101호,"서울특별시 강서구 공항대로 103, 판매시설3동 1층 101호 (마곡동, 마곡 엠밸리 9단지)",,
영업/정상,서울특별시 강서구 마곡동 795-6 뉴골든타워 1층 101-2호,"서울특별시 강서구 마곡중앙6로 89, 뉴골든타워 1층 101-2호 (마곡동)",185554.2994,450891.3124
영업/정상,서울특별시 강서구 화곡동 1017,"서울특별시 강서구 화곡로13길 98, 1층 (화곡동)",185180.6058,449122.1922
영업/정상,서울특별시 강서구 화곡동 56-451,"서울특별시 강서구 초록마을로8길 82, 1층 (화곡동)",186487.4331,448550.6642
영업/정상,서울특별시 강서구 공항동 72-9 본방빌딩,"서울특별시 강서구 공항대로2길 18, 본방빌딩 1층 (공항동)",183013.9395,450945.9033
영업/정상,서울특별시 강서구 화곡동 797-22 용경빌딩,"서울특별시 강서구 곰달래로 259, 용경빌딩 1층 (화곡동)",187712.5988,447791.8974
