연도,시도,발생시도,발생시,발생동,출동건수,이송건수
2019,서울특별시,서울특별시,중구,다동,128,65
2019,서울특별시,서울특별시,중구,정동,200,111
2019,서울특별시,서울특별시,중구,초동,83,48
2019,서울특별시,서울특별시,중구,남창동,288,162
2019,서울특별시,서울특별시,중구,남학동,11,7
2019,서울특별시,서울특별시,중구,무교동,64,35
2019,서울특별시,서울특별시,중구,무학동,112,55
2019,서울특별시,서울특별시,중구,묵정동,59,38
2019,서울특별시,서울특별시,중구,방산동,29,21
2019,서울특별시,서울특별시,중구,북창동,118,61
2019,서울특별시,서울특별시,중구,산림동,45,20
2019,서울특별시,서울특별시,중구,삼각동,32,18
2019,서울특별시,서울특별시,중구,소공동,167,112
2019,서울특별시,서울특별시,중구,수표동,41,23
2019,서울특별시,서울특별시,중구,수하동,35,19
2019,서울특별시,서울특별시,중구,순화동,134,77
2019,서울특별시,서울특별시,중구,신당동,4326,2910
2019,서울특별시,서울특별시,중구,쌍림동,107,64
2019,서울특별시,서울특별시,중구,예관동,37,20
2019,서울특별시,서울특별시,중구,예장동,106,75
2019,서울특별시,서울특별시,중구,오장동,90,44
2019,서울특별시,서울특별시,중구,입정동,31,14
2019,서울특별시,서울특별시,중구,장교동,54,29
2019,서울특별시,서울특별시,중구,주교동,103,50
2019,서울특별시,서울특별시,중구,주자동,10,8
2019,서울특별시,서울특별시,중구,중림동,708,379
2019,서울특별시,서울특별시,중구,황학동,931,570
2019,서울특별시,서울특별시,중구,흥인동,284,155
2019,서울특별시,서울특별시,중구,명동1가,70,43
2019,서울특별시,서울특별시,중구,명동2가,166,90
2019,서울특별시,서울특별시,중구,저동1가,34,15
2019,서울특별시,서울특별시,중구,저동2가,118,53
2019,서울특별시,서울특별시,중구,필동1가,91,47
2019,서울특별시,서울특별시,중구,필동2가,311,170
2019,서울특별시,서울특별시,중구,필동3가,72,43
2019,서울특별시,서울특별시,중구,서소문동,180,100
2019,서울특별시,서울특별시,중구,광희동1가,176,88
2019,서울특별시,서울특별시,중구,광희동2가,126,72
2019,서울특별시,서울특별시,중구,남산동1가,39,23
2019,서울특별시,서울특별시,중구,남산동2가,78,56
2019,서울특별시,서울특별시,중구,남산동3가,41,20
2019,서울특별시,서울특별시,중구,만리동1가,93,56
2019,서울특별시,서울특별시,중구,만리동2가,139,91
2019,서울특별시,서울특별시,중구,봉래동1가,46,23
2019,서울특별시,서울특별시,중구,봉래동2가,1276,481
2019,서울특별시,서울특별시,중구,을지로1가,217,121
2019,서울특별시,서울특별시,중구,을지로2가,200,107
2019,서울특별시,서울특별시,중구,을지로3가,338,142
2019,서울특별시,서울특별시,중구,을지로4가,158,78
2019,서울특별시,서울특별시,중구,을지로5가,148,67
2019,서울특별시,서울특별시,중구,을지로6가,468,247
2019,서울특별시,서울특별시,중구,을지로7가,266,171
2019,서울특별시,서울특별시,중구,의주로1가,49,27
2019,서울특별시,서울특별시,중구,의주로2가,26,8
2019,서울특별시,서울특별시,중구,인현동1가,45,29
2019,서울특별시,서울특별시,중구,인현동2가,61,39
2019,서울특별시,서울특별시,중구,장충동1가,109,69
2019,서울특별시,서울특별시,중구,장충동2가,556,349
2019,서울특별시,서울특별시,중구,충무로1가,193,110
2019,서울특별시,서울특별시,중구,충무로2가,145,88
2019,서울특별시,서울특별시,중구,충무로3가,88,47
2019,서울특별시,서울특별시,중구,충무로4가,159,83
2019,서울특별시,서울특별시,중구,충무로5가,97,53
2019,서울특별시,서울특별시,중구,충정로1가,37,23
2019,서울특별시,서울특별시,중구,태평로1가,199,120
2019,서울특별시,서울특별시,중구,태평로2가,247,121
2019,서울특별시,서울특별시,중구,회현동1가,345,214
2019,서울특별시,서울특별시,중구,회현동2가,86,56
2019,서울특별시,서울특별시,중구,회현동3가,13,6
2019,서울특별시,서울특별시,중구,남대문로1가,52,20
2019,서울특별시,서울특별시,중구,남대문로2가,44,19
2019,서울특별시,서울특별시,중구,남대문로3가,40,23
2019,서울특별시,서울특별시,중구,남대문로4가,112,47
2019,서울특별시,서울특별시,중구,남대문로5가,911,415
2019,서울특별시,서울특별시,강남구,개포동,2042,1374
2019,서울특별시,서울특별시,강남구,논현동,4558,2535
2019,서울특별시,서울특별시,강남구,대치동,3587,2193
2019,서울특별시,서울특별시,강남구,도곡동,1673,1086
2019,서울특별시,서울특별시,강남구,삼성동,3195,1922
2019,서울특별시,서울특별시,강남구,세곡동,626,392
2019,서울특별시,서울특별시,강남구,수서동,2041,1348
2019,서울특별시,서울특별시,강남구,신사동,2150,1150
2019,서울특별시,서울특별시,강남구,역삼동,6402,3690
2019,서울특별시,서울특별시,강남구,율현동,198,116
2019,서울특별시,서울특별시,강남구,일원동,1521,934
2019,서울특별시,서울특별시,강남구,자곡동,881,598
2019,서울특별시,서울특별시,강남구,청담동,1923,1073
2019,서울특별시,서울특별시,강남구,압구정동,1225,677
2019,서울특별시,서울특별시,강동구,길동,2250,1412
2019,서울특별시,서울특별시,강동구,강일동,1093,798
2019,서울특별시,서울특별시,강동구,고덕동,1215,847
2019,서울특별시,서울특별시,강동구,둔촌동,1135,774
2019,서울특별시,서울특별시,강동구,명일동,1432,974
2019,서울특별시,서울특별시,강동구,상일동,806,522
2019,서울특별시,서울특별시,강동구,성내동,3358,2189
2019,서울특별시,서울특별시,강동구,암사동,2824,1829
2019,서울특별시,서울특별시,강동구,천호동,5431,3264
2019,서울특별시,서울특별시,강북구,번동,4075,2661
2019,서울특별시,서울특별시,강북구,미아동,7935,5250
2019,서울특별시,서울특별시,강북구,수유동,7154,4616
2019,서울특별시,서울특별시,강북구,우이동,904,581
2019,서울특별시,서울특별시,강서구,가양동,3233,2080
2019,서울특별시,서울특별시,강서구,개화동,362,188
2019,서울특별시,서울특별시,강서구,공항동,1235,800
2019,서울특별시,서울특별시,강서구,과해동,89,55
2019,서울특별시,서울특별시,강서구,등촌동,4305,2928
2019,서울특별시,서울특별시,강서구,마곡동,2141,1406
2019,서울특별시,서울특별시,강서구,방화동,4015,2619
2019,서울특별시,서울특별시,강서구,염창동,1248,831
2019,서울특별시,서울특별시,강서구,오곡동,14,9
2019,서울특별시,서울특별시,강서구,오쇠동,17,6
2019,서울특별시,서울특별시,강서구,화곡동,10515,6821
2019,서울특별시,서울특별시,강서구,내발산동,1644,1130
2019,서울특별시,서울특별시,강서구,외발산동,187,115
2019,서울특별시,서울특별시,관악구,남현동,1029,615
2019,서울특별시,서울특별시,관악구,봉천동,11184,7495
2019,서울특별시,서울특별시,관악구,신림동,13910,8859
2019,서울특별시,서울특별시,광진구,능동,706,451
2019,서울특별시,서울특별시,광진구,광장동,1184,728
2019,서울특별시,서울특별시,광진구,구의동,3533,2224
2019,서울특별시,서울특별시,광진구,군자동,1237,815
2019,서울특별시,서울특별시,광진구,자양동,4634,2784
2019,서울특별시,서울특별시,광진구,중곡동,4047,2745
2019,서울특별시,서울특별시,광진구,화양동,1969,1155
2019,서울특별시,서울특별시,구로구,궁동,709,497
2019,서울특별시,서울특별시,구로구,항동,328,228
2019,서울특별시,서울특별시,구로구,개봉동,4077,2842
2019,서울특별시,서울특별시,구로구,고척동,2642,1838
2019,서울특별시,서울특별시,구로구,구로동,7930,4726
2019,서울특별시,서울특별시,구로구,오류동,2415,1603
2019,서울특별시,서울특별시,구로구,온수동,526,334
2019,서울특별시,서울특별시,구로구,천왕동,470,319
2019,서울특별시,서울특별시,구로구,가리봉동,956,533
2019,서울특별시,서울특별시,구로구,신도림동,1705,1094
2019,서울특별시,서울특별시,금천구,가산동,2378,1381
2019,서울특별시,서울특별시,금천구,독산동,5820,3638
2019,서울특별시,서울특별시,금천구,시흥동,6316,4057
2019,서울특별시,서울특별시,노원구,공릉동,3606,2456
2019,서울특별시,서울특별시,노원구,상계동,9772,6437
2019,서울특별시,서울특별시,노원구,월계동,4397,2994
2019,서울특별시,서울특별시,노원구,중계동,4634,3155
2019,서울특별시,서울특별시,노원구,하계동,2283,1615
2019,서울특별시,서울특별시,도봉구,창동,5660,3717
2019,서울특별시,서울특별시,도봉구,도봉동,3336,2242
2019,서울특별시,서울특별시,도봉구,방학동,4045,2672
2019,서울특별시,서울특별시,도봉구,쌍문동,3476,2321
2019,서울특별시,서울특별시,동작구,본동,619,343
2019,서울특별시,서울특별시,동작구,대방동,1596,1120
2019,서울특별시,서울특별시,동작구,동작동,474,260
2019,서울특별시,서울특별시,동작구,사당동,4948,3113
2019,서울특별시,서울특별시,동작구,상도동,4561,3238
2019,서울특별시,서울특별시,동작구,흑석동,1345,879
2019,서울특별시,서울특별시,동작구,상도1동,492,302
2019,서울특별시,서울특별시,동작구,노량진동,2526,1588
2019,서울특별시,서울특별시,동작구,신대방동,1990,1302
2019,서울특별시,서울특별시,마포구,중동,347,245
2019,서울특별시,서울특별시,마포구,공덕동,1340,861
2019,서울특별시,서울특별시,마포구,구수동,44,28
2019,서울특별시,서울특별시,마포구,당인동,56,35
2019,서울특별시,서울특별시,마포구,대흥동,809,546
2019,서울특별시,서울특별시,마포구,도화동,1289,886
2019,서울특별시,서울특별시,마포구,동교동,1064,558
2019,서울특별시,서울특별시,마포구,마포동,416,138
2019,서울특별시,서울특별시,마포구,망원동,2084,1303
2019,서울특별시,서울특별시,마포구,상수동,493,294
2019,서울특별시,서울특별시,마포구,상암동,2045,1276
2019,서울특별시,서울특별시,마포구,서교동,3117,1573
2019,서울특별시,서울특별시,마포구,성산동,2985,1963
2019,서울특별시,서울특별시,마포구,신수동,696,507
2019,서울특별시,서울특별시,마포구,신정동,91,55
2019,서울특별시,서울특별시,마포구,아현동,1307,843
2019,서울특별시,서울특별시,마포구,연남동,864,544
2019,서울특별시,서울특별시,마포구,염리동,604,428
2019,서울특별시,서울특별시,마포구,용강동,345,207
2019,서울특별시,서울특별시,마포구,창전동,648,391
2019,서울특별시,서울특별시,마포구,토정동,69,34
2019,서울특별시,서울특별시,마포구,하중동,65,23
2019,서울특별시,서울특별시,마포구,합정동,1401,765
2019,서울특별시,서울특별시,마포구,현석동,167,132
2019,서울특별시,서울특별시,마포구,노고산동,657,416
2019,서울특별시,서울특별시,마포구,신공덕동,434,304
2019,서울특별시,서울특별시,서초구,내곡동,428,252
2019,서울특별시,서울특별시,서초구,반포동,3807,2238
2019,서울특별시,서울특별시,서초구,방배동,4649,2890
2019,서울특별시,서울특별시,서초구,서초동,6994,3977
2019,서울특별시,서울특별시,서초구,신원동,404,255
2019,서울특별시,서울특별시,서초구,양재동,2472,1482
2019,서울특별시,서울특별시,서초구,염곡동,123,73
2019,서울특별시,서울특별시,서초구,우면동,1114,747
2019,서울특별시,서울특별시,서초구,원지동,296,162
2019,서울특별시,서울특별시,서초구,잠원동,2176,1283
2019,서울특별시,서울특별시,성동구,도선동,384,237
2019,서울특별시,서울특별시,성동구,마장동,1108,730
2019,서울특별시,서울특별시,성동구,사근동,391,269
2019,서울특별시,서울특별시,성동구,송정동,628,370
2019,서울특별시,서울특별시,성동구,옥수동,1137,693
2019,서울특별시,서울특별시,성동구,용답동,1141,685
2019,서울특별시,서울특별시,성동구,응봉동,561,368
2019,서울특별시,서울특별시,성동구,행당동,2633,1713
2019,서울특별시,서울특별시,성동구,홍익동,374,239
2019,서울특별시,서울특별시,성동구,금호동1가,687,512
2019,서울특별시,서울특별시,성동구,금호동2가,423,279
2019,서울특별시,서울특별시,성동구,금호동3가,536,381
2019,서울특별시,서울특별시,성동구,금호동4가,720,496
2019,서울특별시,서울특별시,성동구,성수동1가,1779,1098
2019,서울특별시,서울특별시,성동구,성수동2가,2132,1289
2019,서울특별시,서울특별시,성동구,상왕십리동,253,184
2019,서울특별시,서울특별시,성동구,하왕십리동,1105,793
2019,서울특별시,서울특별시,성북구,길음동,1893,1299
2019,서울특별시,서울특별시,성북구,돈암동,1309,909
2019,서울특별시,서울특별시,성북구,석관동,1747,1170
2019,서울특별시,서울특별시,성북구,성북동,501,320
2019,서울특별시,서울특별시,성북구,장위동,2425,1686
2019,서울특별시,서울특별시,성북구,정릉동,4067,2673
2019,서울특별시,서울특별시,성북구,종암동,1913,1250
2019,서울특별시,서울특별시,성북구,상월곡동,499,324
2019,서울특별시,서울특별시,성북구,하월곡동,2307,1496
2019,서울특별시,서울특별시,성북구,동선동1가,345,187
2019,서울특별시,서울특별시,성북구,동선동2가,138,76
2019,서울특별시,서울특별시,성북구,동선동3가,107,70
2019,서울특별시,서울특별시,성북구,동선동4가,214,123
2019,서울특별시,서울특별시,성북구,동선동5가,76,45
2019,서울특별시,서울특별시,성북구,보문동1가,102,55
2019,서울특별시,서울특별시,성북구,보문동2가,151,92
2019,서울특별시,서울특별시,성북구,보문동3가,115,57
2019,서울특별시,서울특별시,성북구,보문동4가,118,72
2019,서울특별시,서울특별시,성북구,보문동5가,99,62
2019,서울특별시,서울특별시,성북구,보문동6가,199,143
2019,서울특별시,서울특별시,성북구,보문동7가,119,66
2019,서울특별시,서울특별시,성북구,삼선동1가,287,193
2019,서울특별시,서울특별시,성북구,삼선동2가,304,200
2019,서울특별시,서울특별시,성북구,삼선동3가,171,114
2019,서울특별시,서울특별시,성북구,삼선동4가,210,135
2019,서울특별시,서울특별시,성북구,삼선동5가,245,132
2019,서울특별시,서울특별시,성북구,성북동1가,102,61
2019,서울특별시,서울특별시,성북구,안암동1가,118,76
2019,서울특별시,서울특별시,성북구,안암동2가,123,77
2019,서울특별시,서울특별시,성북구,안암동3가,161,113
2019,서울특별시,서울특별시,성북구,안암동4가,37,25
2019,서울특별시,서울특별시,성북구,안암동5가,601,347
2019,서울특별시,서울특별시,성북구,동소문동1가,103,52
2019,서울특별시,서울특별시,성북구,동소문동2가,95,60
2019,서울특별시,서울특별시,성북구,동소문동3가,66,42
2019,서울특별시,서울특별시,성북구,동소문동4가,94,64
2019,서울특별시,서울특별시,성북구,동소문동5가,174,93
2019,서울특별시,서울특별시,성북구,동소문동6가,148,97
2019,서울특별시,서울특별시,성북구,동소문동7가,82,57
2019,서울특별시,서울특별시,송파구,가락동,3795,2361
2019,서울특별시,서울특별시,송파구,거여동,1418,906
2019,서울특별시,서울특별시,송파구,마천동,2390,1468
2019,서울특별시,서울특별시,송파구,문정동,2693,1693
2019,서울특별시,서울특별시,송파구,방이동,2896,1831
2019,서울특별시,서울특별시,송파구,삼전동,1312,849
2019,서울특별시,서울특별시,송파구,석촌동,1585,1001
2019,서울특별시,서울특별시,송파구,송파동,1648,1075
2019,서울특별시,서울특별시,송파구,신천동,1899,1165
2019,서울특별시,서울특별시,송파구,오금동,1516,939
2019,서울특별시,서울특별시,송파구,잠실동,4542,2847
2019,서울특별시,서울특별시,송파구,장지동,1906,1160
2019,서울특별시,서울특별시,송파구,풍납동,1529,1017
2019,서울특별시,서울특별시,양천구,목동,4992,3254
2019,서울특별시,서울특별시,양천구,신월동,6279,4151
2019,서울특별시,서울특별시,양천구,신정동,7042,4794
2019,서울특별시,서울특별시,용산구,갈월동,546,279
2019,서울특별시,서울특별시,용산구,남영동,171,103
2019,서울특별시,서울특별시,용산구,도원동,185,133
2019,서울특별시,서울특별시,용산구,동자동,1882,871
2019,서울특별시,서울특별시,용산구,문배동,120,69
2019,서울특별시,서울특별시,용산구,보광동,814,530
2019,서울특별시,서울특별시,용산구,산천동,125,93
2019,서울특별시,서울특별시,용산구,서계동,422,233
2019,서울특별시,서울특별시,용산구,신계동,99,70
2019,서울특별시,서울특별시,용산구,신창동,92,59
2019,서울특별시,서울특별시,용산구,용문동,355,233
2019,서울특별시,서울특별시,용산구,이촌동,1558,904
2019,서울특별시,서울특별시,용산구,주성동,63,30
2019,서울특별시,서울특별시,용산구,청암동,43,29
2019,서울특별시,서울특별시,용산구,한남동,1691,912
2019,서울특별시,서울특별시,용산구,효창동,422,296
2019,서울특별시,서울특별시,용산구,후암동,910,547
2019,서울특별시,서울특별시,용산구,동빙고동,208,121
2019,서울특별시,서울특별시,용산구,서빙고동,359,192
2019,서울특별시,서울특별시,용산구,이태원동,2192,1162
2019,서울특별시,서울특별시,용산구,용산동1가,36,27
2019,서울특별시,서울특별시,용산구,용산동2가,573,398
2019,서울특별시,서울특별시,용산구,용산동3가,44,20
2019,서울특별시,서울특별시,용산구,용산동4가,58,28
2019,서울특별시,서울특별시,용산구,용산동5가,189,103
2019,서울특별시,서울특별시,용산구,용산동6가,134,78
2019,서울특별시,서울특별시,용산구,원효로1가,438,225
2019,서울특별시,서울특별시,용산구,원효로2가,184,101
2019,서울특별시,서울특별시,용산구,원효로3가,118,62
2019,서울특별시,서울특별시,용산구,원효로4가,192,124
2019,서울특별시,서울특별시,용산구,청파동1가,318,231
2019,서울특별시,서울특별시,용산구,청파동2가,214,132
2019,서울특별시,서울특별시,용산구,청파동3가,247,169
2019,서울특별시,서울특별시,용산구,한강로1가,321,184
2019,서울특별시,서울특별시,용산구,한강로2가,529,315
2019,서울특별시,서울특별시,용산구,한강로3가,1087,654
2019,서울특별시,서울특별시,은평구,갈현동,2904,1902
2019,서울특별시,서울특별시,은평구,구산동,1412,1008
2019,서울특별시,서울특별시,은평구,녹번동,1744,1171
2019,서울특별시,서울특별시,은평구,대조동,1894,1126
2019,서울특별시,서울특별시,은평구,불광동,3755,2485
2019,서울특별시,서울특별시,은평구,수색동,768,520
2019,서울특별시,서울특별시,은평구,신사동,2181,1450
2019,서울특별시,서울특별시,은평구,역촌동,2107,1413
2019,서울특별시,서울특별시,은평구,응암동,4018,2540
2019,서울특별시,서울특별시,은평구,증산동,859,557
2019,서울특별시,서울특별시,은평구,진관동,2245,1511
2019,서울특별시,서울특별시,종로구,계동,115,69
2019,서울특별시,서울특별시,종로구,묘동,320,141
2019,서울특별시,서울특별시,종로구,재동,70,39
2019,서울특별시,서울특별시,종로구,평동,159,88
2019,서울특별시,서울특별시,종로구,화동,17,14
2019,서울특별시,서울특별시,종로구,가회동,58,46
2019,서울특별시,서울특별시,종로구,견지동,87,46
2019,서울특별시,서울특별시,종로구,경운동,208,99
2019,서울특별시,서울특별시,종로구,공평동,93,57
2019,서울특별시,서울특별시,종로구,관수동,211,101
2019,서울특별시,서울특별시,종로구,관철동,459,217
2019,서울특별시,서울특별시,종로구,관훈동,148,82
2019,서울특별시,서울특별시,종로구,교남동,37,21
2019,서울특별시,서울특별시,종로구,교북동,66,29
2019,서울특별시,서울특별시,종로구,구기동,300,190
2019,서울특별시,서울특별시,종로구,궁정동,62,29
2019,서울특별시,서울특별시,종로구,권농동,20,15
2019,서울특별시,서울특별시,종로구,낙원동,809,348
2019,서울특별시,서울특별시,종로구,내수동,112,79
2019,서울특별시,서울특별시,종로구,내자동,93,51
2019,서울특별시,서울특별시,종로구,누상동,121,86
2019,서울특별시,서울특별시,종로구,누하동,54,36
2019,서울특별시,서울특별시,종로구,당주동,135,69
2019,서울특별시,서울특별시,종로구,도렴동,47,24
2019,서울특별시,서울특별시,종로구,돈의동,425,187
2019,서울특별시,서울특별시,종로구,동숭동,423,271
2019,서울특별시,서울특별시,종로구,무악동,385,206
2019,서울특별시,서울특별시,종로구,봉익동,84,36
2019,서울특별시,서울특별시,종로구,부암동,233,139
2019,서울특별시,서울특별시,종로구,사간동,19,14
2019,서울특별시,서울특별시,종로구,사직동,178,113
2019,서울특별시,서울특별시,종로구,삼청동,110,63
2019,서울특별시,서울특별시,종로구,서린동,102,54
2019,서울특별시,서울특별시,종로구,세종로,644,318
2019,서울특별시,서울특별시,종로구,소격동,35,18
2019,서울특별시,서울특별시,종로구,송월동,41,27
2019,서울특별시,서울특별시,종로구,송현동,8,4
2019,서울특별시,서울특별시,종로구,수송동,256,141
2019,서울특별시,서울특별시,종로구,숭인동,1470,878
2019,서울특별시,서울특별시,종로구,신교동,81,51
2019,서울특별시,서울특별시,종로구,신영동,186,109
2019,서울특별시,서울특별시,종로구,안국동,58,31
2019,서울특별시,서울특별시,종로구,연건동,255,136
2019,서울특별시,서울특별시,종로구,연지동,104,51
2019,서울특별시,서울특별시,종로구,예지동,98,45
2019,서울특별시,서울특별시,종로구,옥인동,115,73
2019,서울특별시,서울특별시,종로구,와룡동,87,46
2019,서울특별시,서울특별시,종로구,운니동,64,33
2019,서울특별시,서울특별시,종로구,원남동,108,71
2019,서울특별시,서울특별시,종로구,원서동,72,47
2019,서울특별시,서울특별시,종로구,이화동,112,72
2019,서울특별시,서울특별시,종로구,익선동,121,73
2019,서울특별시,서울특별시,종로구,인사동,135,60
2019,서울특별시,서울특별시,종로구,인의동,169,94
2019,서울특별시,서울특별시,종로구,장사동,54,23
2019,서울특별시,서울특별시,종로구,적선동,118,64
2019,서울특별시,서울특별시,종로구,중학동,50,29
2019,서울특별시,서울특별시,종로구,창성동,61,36
2019,서울특별시,서울특별시,종로구,창신동,1778,1073
2019,서울특별시,서울특별시,종로구,청운동,138,82
2019,서울특별시,서울특별시,종로구,청진동,197,116
2019,서울특별시,서울특별시,종로구,체부동,69,44
2019,서울특별시,서울특별시,종로구,충신동,183,135
2019,서울특별시,서울특별시,종로구,통의동,57,33
2019,서울특별시,서울특별시,종로구,통인동,66,38
2019,서울특별시,서울특별시,종로구,팔판동,25,17
2019,서울특별시,서울특별시,종로구,평창동,644,404
2019,서울특별시,서울특별시,종로구,필운동,62,35
2019,서울특별시,서울특별시,종로구,행촌동,273,162
2019,서울특별시,서울특별시,종로구,혜화동,231,154
2019,서울특별시,서울특별시,종로구,홍지동,153,107
2019,서울특별시,서울특별시,종로구,홍파동,56,45
2019,서울특별시,서울특별시,종로구,효자동,102,45
2019,서울특별시,서울특별시,종로구,효제동,110,69
2019,서울특별시,서울특별시,종로구,훈정동,33,13
2019,서울특별시,서울특별시,종로구,명륜1가,175,124
2019,서울특별시,서울특별시,종로구,명륜2가,224,148
2019,서울특별시,서울특별시,종로구,명륜3가,252,182
2019,서울특별시,서울특별시,종로구,명륜4가,150,89
2019,서울특별시,서울특별시,종로구,종로1가,103,43
2019,서울특별시,서울특별시,종로구,종로2가,495,227
2019,서울특별시,서울특별시,종로구,종로3가,533,239
2019,서울특별시,서울특별시,종로구,종로4가,136,70
2019,서울특별시,서울특별시,종로구,종로5가,493,225
2019,서울특별시,서울특별시,종로구,종로6가,345,188
2019,서울특별시,서울특별시,종로구,신문로1가,120,67
2019,서울특별시,서울특별시,종로구,신문로2가,58,33
2019,서울특별시,서울특별시,중랑구,묵동,2478,1725
2019,서울특별시,서울특별시,중랑구,망우동,3273,2225
2019,서울특별시,서울특별시,중랑구,면목동,7673,5134
2019,서울특별시,서울특별시,중랑구,상봉동,2936,1925
2019,서울특별시,서울특별시,중랑구,신내동,3162,2249
2019,서울특별시,서울특별시,중랑구,중화동,2721,1894
2019,서울특별시,서울특별시,동대문구,신설동,690,376
2019,서울특별시,서울특별시,동대문구,용두동,2281,1301
2019,서울특별시,서울특별시,동대문구,이문동,1960,1311
2019,서울특별시,서울특별시,동대문구,장안동,3929,2464
2019,서울특별시,서울특별시,동대문구,전농동,3037,1940
2019,서울특별시,서울특별시,동대문구,제기동,2090,1206
2019,서울특별시,서울특별시,동대문구,회기동,590,338
2019,서울특별시,서울특별시,동대문구,휘경동,1856,1181
2019,서울특별시,서울특별시,동대문구,답십리동,2517,1744
2019,서울특별시,서울특별시,동대문구,청량리동,1983,1158
2019,서울특별시,서울특별시,서대문구,합동,105,56
2019,서울특별시,서울특별시,서대문구,냉천동,185,107
2019,서울특별시,서울특별시,서대문구,대신동,228,139
2019,서울특별시,서울특별시,서대문구,대현동,572,351
2019,서울특별시,서울특별시,서대문구,미근동,216,120
2019,서울특별시,서울특별시,서대문구,봉원동,74,32
2019,서울특별시,서울특별시,서대문구,신촌동,199,126
2019,서울특별시,서울특별시,서대문구,연희동,1973,1319
2019,서울특별시,서울특별시,서대문구,영천동,190,101
2019,서울특별시,서울특별시,서대문구,옥천동,128,65
2019,서울특별시,서울특별시,서대문구,창천동,1627,915
2019,서울특별시,서울특별시,서대문구,천연동,243,177
2019,서울특별시,서울특별시,서대문구,현저동,360,216
2019,서울특별시,서울특별시,서대문구,홍은동,2609,1767
2019,서울특별시,서울특별시,서대문구,홍제동,2923,1931
2019,서울특별시,서울특별시,서대문구,남가좌동,2063,1391
2019,서울특별시,서울특별시,서대문구,북가좌동,2218,1567
2019,서울특별시,서울특별시,서대문구,북아현동,1247,845
2019,서울특별시,서울특별시,서대문구,충정로2가,312,171
2019,서울특별시,서울특별시,서대문구,충정로3가,407,252
2019,서울특별시,서울특별시,영등포구,당산동,466,210
2019,서울특별시,서울특별시,영등포구,대림동,3450,2066
2019,서울특별시,서울특별시,영등포구,도림동,870,590
2019,서울특별시,서울특별시,영등포구,신길동,4893,3210
2019,서울특별시,서울특별시,영등포구,양평동,123,64
2019,서울특별시,서울특별시,영등포구,양화동,226,106
2019,서울특별시,서울특별시,영등포구,여의도동,4206,2020
2019,서울특별시,서울특별시,영등포구,영등포동,1964,911
2019,서울특별시,서울특별시,영등포구,당산동1가,438,258
2019,서울특별시,서울특별시,영등포구,당산동2가,234,135
2019,서울특별시,서울특별시,영등포구,당산동3가,770,444
2019,서울특별시,서울특별시,영등포구,당산동4가,408,278
2019,서울특별시,서울특별시,영등포구,당산동5가,443,276
2019,서울특별시,서울특별시,영등포구,당산동6가,454,246
2019,서울특별시,서울특별시,영등포구,문래동1가,179,75
2019,서울특별시,서울특별시,영등포구,문래동2가,117,64
2019,서울특별시,서울특별시,영등포구,문래동3가,801,509
2019,서울특별시,서울특별시,영등포구,문래동4가,97,70
2019,서울특별시,서울특별시,영등포구,문래동5가,155,100
2019,서울특별시,서울특별시,영등포구,문래동6가,280,176
2019,서울특별시,서울특별시,영등포구,양평동1가,343,195
2019,서울특별시,서울특별시,영등포구,양평동2가,267,175
2019,서울특별시,서울특별시,영등포구,양평동3가,403,267
2019,서울특별시,서울특별시,영등포구,양평동4가,404,220
2019,서울특별시,서울특별시,영등포구,양평동5가,199,130
2019,서울특별시,서울특별시,영등포구,양평동6가,122,79
2019,서울특별시,서울특별시,영등포구,영등포동1가,198,86
2019,서울특별시,서울특별시,영등포구,영등포동2가,450,204
2019,서울특별시,서울특별시,영등포구,영등포동3가,1133,434
2019,서울특별시,서울특별시,영등포구,영등포동4가,665,316
2019,서울특별시,서울특별시,영등포구,영등포동5가,486,192
2019,서울특별시,서울특별시,영등포구,영등포동6가,270,123
2019,서울특별시,서울특별시,영등포구,영등포동7가,421,254
2019,서울특별시,서울특별시,영등포구,영등포동8가,248,146
2019,서울특별시,서울특별시,미상,미상,9,5
2019,서울특별시,울산광역시,남구,신정동,1,1
2018,서울특별시,경기도,광명시,철산동,1,1
2018,서울특별시,경기도,파주시,광탄면,1,0
2018,서울특별시,경기도,하남시,감북동,1,1
2018,서울특별시,경기도,하남시,감일동,2,1
2018,서울특별시,경기도,하남시,덕풍동,1,0
2018,서울특별시,경기도,하남시,학암동,2,2
2018,서울특별시,경기도,남양주시,퇴계원면,1,1
2018,서울특별시,경기도,고양시 덕양구,지축동,1,0
2018,서울특별시,경기도,성남시 수정구,금토동,1,1
2018,서울특별시,경기도,성남시 수정구,창곡동,1,0
2018,서울특별시,서울특별시,중구,다동,119,60
2018,서울특별시,서울특별시,중구,정동,200,93
2018,서울특별시,서울특별시,중구,초동,94,57
2018,서울특별시,서울특별시,중구,남창동,367,214
2018,서울특별시,서울특별시,중구,남학동,5,3
2018,서울특별시,서울특별시,중구,무교동,74,40
2018,서울특별시,서울특별시,중구,무학동,119,70
2018,서울특별시,서울특별시,중구,묵정동,101,66
2018,서울특별시,서울특별시,중구,방산동,67,28
2018,서울특별시,서울특별시,중구,북창동,108,54
2018,서울특별시,서울특별시,중구,산림동,43,16
2018,서울특별시,서울특별시,중구,삼각동,14,6
2018,서울특별시,서울특별시,중구,소공동,184,111
2018,서울특별시,서울특별시,중구,수표동,57,30
2018,서울특별시,서울특별시,중구,수하동,42,26
2018,서울특별시,서울특별시,중구,순화동,119,66
2018,서울특별시,서울특별시,중구,신당동,4587,2957
2018,서울특별시,서울특별시,중구,쌍림동,114,72
2018,서울특별시,서울특별시,중구,예관동,43,24
2018,서울특별시,서울특별시,중구,예장동,190,114
2018,서울특별시,서울특별시,중구,오장동,121,58
2018,서울특별시,서울특별시,중구,입정동,44,18
2018,서울특별시,서울특별시,중구,장교동,61,32
2018,서울특별시,서울특별시,중구,주교동,120,69
2018,서울특별시,서울특별시,중구,주자동,13,8
2018,서울특별시,서울특별시,중구,중림동,861,473
2018,서울특별시,서울특별시,중구,황학동,906,562
2018,서울특별시,서울특별시,중구,흥인동,325,176
2018,서울특별시,서울특별시,중구,명동1가,114,62
2018,서울특별시,서울특별시,중구,명동2가,213,136
2018,서울특별시,서울특별시,중구,저동1가,59,27
2018,서울특별시,서울특별시,중구,저동2가,125,59
2018,서울특별시,서울특별시,중구,필동1가,111,49
2018,서울특별시,서울특별시,중구,필동2가,347,180
2018,서울특별시,서울특별시,중구,필동3가,103,57
2018,서울특별시,서울특별시,중구,서소문동,223,122
2018,서울특별시,서울특별시,중구,광희동1가,189,84
2018,서울특별시,서울특별시,중구,광희동2가,148,88
2018,서울특별시,서울특별시,중구,남산동1가,27,17
2018,서울특별시,서울특별시,중구,남산동2가,72,40
2018,서울특별시,서울특별시,중구,남산동3가,40,19
2018,서울특별시,서울특별시,중구,만리동1가,104,61
2018,서울특별시,서울특별시,중구,만리동2가,160,107
2018,서울특별시,서울특별시,중구,봉래동1가,52,23
2018,서울특별시,서울특별시,중구,봉래동2가,1479,677
2018,서울특별시,서울특별시,중구,을지로1가,242,140
2018,서울특별시,서울특별시,중구,을지로2가,255,121
2018,서울특별시,서울특별시,중구,을지로3가,317,144
2018,서울특별시,서울특별시,중구,을지로4가,187,108
2018,서울특별시,서울특별시,중구,을지로5가,149,76
2018,서울특별시,서울특별시,중구,을지로6가,494,243
2018,서울특별시,서울특별시,중구,을지로7가,291,166
2018,서울특별시,서울특별시,중구,의주로1가,59,34
2018,서울특별시,서울특별시,중구,의주로2가,23,10
2018,서울특별시,서울특별시,중구,인현동1가,34,24
2018,서울특별시,서울특별시,중구,인현동2가,79,47
2018,서울특별시,서울특별시,중구,장충동1가,143,82
2018,서울특별시,서울특별시,중구,장충동2가,611,391
2018,서울특별시,서울특별시,중구,충무로1가,201,133
2018,서울특별시,서울특별시,중구,충무로2가,185,99
2018,서울특별시,서울특별시,중구,충무로3가,112,57
2018,서울특별시,서울특별시,중구,충무로4가,203,107
2018,서울특별시,서울특별시,중구,충무로5가,83,51
2018,서울특별시,서울특별시,중구,충정로1가,52,20
2018,서울특별시,서울특별시,중구,태평로1가,225,120
2018,서울특별시,서울특별시,중구,태평로2가,280,159
2018,서울특별시,서울특별시,중구,회현동1가,340,217
2018,서울특별시,서울특별시,중구,회현동2가,116,64
2018,서울특별시,서울특별시,중구,회현동3가,11,8
2018,서울특별시,서울특별시,중구,남대문로1가,50,23
2018,서울특별시,서울특별시,중구,남대문로2가,63,31
2018,서울특별시,서울특별시,중구,남대문로3가,62,33
2018,서울특별시,서울특별시,중구,남대문로4가,123,63
2018,서울특별시,서울특별시,중구,남대문로5가,1013,494
2018,서울특별시,서울특별시,강남구,개포동,2286,1473
2018,서울특별시,서울특별시,강남구,논현동,4753,2588
2018,서울특별시,서울특별시,강남구,대치동,3615,2159
2018,서울특별시,서울특별시,강남구,도곡동,1868,1149
2018,서울특별시,서울특별시,강남구,삼성동,3215,1909
2018,서울특별시,서울특별시,강남구,세곡동,625,389
2018,서울특별시,서울특별시,강남구,수서동,2177,1357
2018,서울특별시,서울특별시,강남구,신사동,2260,1160
2018,서울특별시,서울특별시,강남구,역삼동,6515,3714
2018,서울특별시,서울특별시,강남구,율현동,206,105
2018,서울특별시,서울특별시,강남구,일원동,1518,956
2018,서울특별시,서울특별시,강남구,자곡동,898,566
2018,서울특별시,서울특별시,강남구,청담동,2129,1146
2018,서울특별시,서울특별시,강남구,압구정동,1216,734
2018,서울특별시,서울특별시,강동구,길동,2385,1445
2018,서울특별시,서울특별시,강동구,강일동,1071,738
2018,서울특별시,서울특별시,강동구,고덕동,1213,829
2018,서울특별시,서울특별시,강동구,둔촌동,1083,734
2018,서울특별시,서울특별시,강동구,명일동,1428,933
2018,서울특별시,서울특별시,강동구,상일동,874,516
2018,서울특별시,서울특별시,강동구,성내동,3446,2201
2018,서울특별시,서울특별시,강동구,암사동,2672,1798
2018,서울특별시,서울특별시,강동구,천호동,5500,3325
2018,서울특별시,서울특별시,강북구,번동,4296,2888
2018,서울특별시,서울특별시,강북구,미아동,8555,5477
2018,서울특별시,서울특별시,강북구,수유동,7757,4953
2018,서울특별시,서울특별시,강북구,우이동,869,551
2018,서울특별시,서울특별시,강서구,가양동,3487,2229
2018,서울특별시,서울특별시,강서구,개화동,425,205
2018,서울특별시,서울특별시,강서구,공항동,1284,830
2018,서울특별시,서울특별시,강서구,과해동,101,62
2018,서울특별시,서울특별시,강서구,등촌동,4742,3227
2018,서울특별시,서울특별시,강서구,마곡동,2116,1354
2018,서울특별시,서울특별시,강서구,방화동,4420,2809
2018,서울특별시,서울특별시,강서구,염창동,1232,804
2018,서울특별시,서울특별시,강서구,오곡동,19,13
2018,서울특별시,서울특별시,강서구,오쇠동,13,5
2018,서울특별시,서울특별시,강서구,화곡동,10959,7109
2018,서울특별시,서울특별시,강서구,내발산동,1646,1116
2018,서울특별시,서울특별시,강서구,외발산동,195,136
2018,서울특별시,서울특별시,관악구,남현동,1013,620
2018,서울특별시,서울특별시,관악구,봉천동,11502,7528
2018,서울특별시,서울특별시,관악구,신림동,14856,9618
2018,서울특별시,서울특별시,광진구,능동,772,481
2018,서울특별시,서울특별시,광진구,광장동,1364,862
2018,서울특별시,서울특별시,광진구,광진구,1,0
2018,서울특별시,서울특별시,광진구,구의동,3651,2364
2018,서울특별시,서울특별시,광진구,군자동,1193,781
2018,서울특별시,서울특별시,광진구,자양동,5099,3061
2018,서울특별시,서울특별시,광진구,중곡동,4163,2809
2018,서울특별시,서울특별시,광진구,화양동,2133,1189
2018,서울특별시,서울특별시,구로구,궁동,772,516
2018,서울특별시,서울특별시,구로구,항동,186,100
2018,서울특별시,서울특별시,구로구,개봉동,4078,2890
2018,서울특별시,서울특별시,구로구,고척동,2681,1873
2018,서울특별시,서울특별시,구로구,구로동,8518,5128
2018,서울특별시,서울특별시,구로구,오류동,2386,1550
2018,서울특별시,서울특별시,구로구,온수동,508,324
2018,서울특별시,서울특별시,구로구,천왕동,486,350
2018,서울특별시,서울특별시,구로구,가리봉동,1059,605
2018,서울특별시,서울특별시,구로구,신도림동,1731,1093
2018,서울특별시,서울특별시,금천구,가산동,2421,1422
2018,서울특별시,서울특별시,금천구,독산동,5821,3932
2018,서울특별시,서울특별시,금천구,시흥동,6582,4368
2018,서울특별시,서울특별시,노원구,공릉동,3575,2480
2018,서울특별시,서울특별시,노원구,상계동,10163,6830
2018,서울특별시,서울특별시,노원구,월계동,4629,3071
2018,서울특별시,서울특별시,노원구,중계동,4750,3323
2018,서울특별시,서울특별시,노원구,하계동,2357,1628
2018,서울특별시,서울특별시,도봉구,창동,5697,3703
2018,서울특별시,서울특별시,도봉구,도봉동,3523,2386
2018,서울특별시,서울특별시,도봉구,방학동,4240,2773
2018,서울특별시,서울특별시,도봉구,쌍문동,3770,2561
2018,서울특별시,서울특별시,동작구,본동,620,382
2018,서울특별시,서울특별시,동작구,대방동,1735,1199
2018,서울특별시,서울특별시,동작구,동작동,520,286
2018,서울특별시,서울특별시,동작구,사당동,5118,3218
2018,서울특별시,서울특별시,동작구,상도동,4601,3267
2018,서울특별시,서울특별시,동작구,흑석동,1259,824
2018,서울특별시,서울특별시,동작구,상도1동,469,295
2018,서울특별시,서울특별시,동작구,노량진동,2476,1628
2018,서울특별시,서울특별시,동작구,신대방동,1902,1288
2018,서울특별시,서울특별시,마포구,중동,273,196
2018,서울특별시,서울특별시,마포구,공덕동,1361,897
2018,서울특별시,서울특별시,마포구,구수동,53,35
2018,서울특별시,서울특별시,마포구,당인동,44,26
2018,서울특별시,서울특별시,마포구,대흥동,921,616
2018,서울특별시,서울특별시,마포구,도화동,1215,840
2018,서울특별시,서울특별시,마포구,동교동,1195,652
2018,서울특별시,서울특별시,마포구,마포동,312,134
2018,서울특별시,서울특별시,마포구,망원동,2177,1393
2018,서울특별시,서울특별시,마포구,상수동,518,361
2018,서울특별시,서울특별시,마포구,상암동,2271,1379
2018,서울특별시,서울특별시,마포구,서교동,3251,1719
2018,서울특별시,서울특별시,마포구,성산동,2962,1898
2018,서울특별시,서울특별시,마포구,신수동,701,496
2018,서울특별시,서울특별시,마포구,신정동,65,41
2018,서울특별시,서울특별시,마포구,아현동,1353,867
2018,서울특별시,서울특별시,마포구,연남동,951,598
2018,서울특별시,서울특별시,마포구,염리동,653,464
2018,서울특별시,서울특별시,마포구,용강동,329,226
2018,서울특별시,서울특별시,마포구,창전동,676,425
2018,서울특별시,서울특별시,마포구,토정동,48,23
2018,서울특별시,서울특별시,마포구,하중동,46,24
2018,서울특별시,서울특별시,마포구,합정동,1427,803
2018,서울특별시,서울특별시,마포구,현석동,133,95
2018,서울특별시,서울특별시,마포구,노고산동,692,403
2018,서울특별시,서울특별시,마포구,신공덕동,469,341
2018,서울특별시,서울특별시,서초구,내곡동,475,274
2018,서울특별시,서울특별시,서초구,반포동,4200,2464
2018,서울특별시,서울특별시,서초구,방배동,5179,3230
2018,서울특별시,서울특별시,서초구,서초동,7250,4163
2018,서울특별시,서울특별시,서초구,신원동,435,263
2018,서울특별시,서울특별시,서초구,양재동,2427,1459
2018,서울특별시,서울특별시,서초구,염곡동,117,72
2018,서울특별시,서울특별시,서초구,우면동,1282,820
2018,서울특별시,서울특별시,서초구,원지동,334,159
2018,서울특별시,서울특별시,서초구,잠원동,2316,1329
2018,서울특별시,서울특별시,성동구,도선동,385,227
2018,서울특별시,서울특별시,성동구,마장동,1194,769
2018,서울특별시,서울특별시,성동구,사근동,427,297
2018,서울특별시,서울특별시,성동구,송정동,649,415
2018,서울특별시,서울특별시,성동구,옥수동,1162,713
2018,서울특별시,서울특별시,성동구,용답동,1240,803
2018,서울특별시,서울특별시,성동구,응봉동,613,395
2018,서울특별시,서울특별시,성동구,행당동,2703,1789
2018,서울특별시,서울특별시,성동구,홍익동,384,258
2018,서울특별시,서울특별시,성동구,금호동1가,590,421
2018,서울특별시,서울특별시,성동구,금호동2가,450,321
2018,서울특별시,서울특별시,성동구,금호동3가,642,413
2018,서울특별시,서울특별시,성동구,금호동4가,756,489
2018,서울특별시,서울특별시,성동구,성수동1가,1867,1127
2018,서울특별시,서울특별시,성동구,성수동2가,2170,1325
2018,서울특별시,서울특별시,성동구,상왕십리동,271,197
2018,서울특별시,서울특별시,성동구,하왕십리동,1201,844
2018,서울특별시,서울특별시,성북구,길음동,1848,1213
2018,서울특별시,서울특별시,성북구,돈암동,1442,963
2018,서울특별시,서울특별시,성북구,석관동,1741,1180
2018,서울특별시,서울특별시,성북구,성북동,582,348
2018,서울특별시,서울특별시,성북구,장위동,2655,1699
2018,서울특별시,서울특별시,성북구,정릉동,4361,2787
2018,서울특별시,서울특별시,성북구,종암동,1966,1249
2018,서울특별시,서울특별시,성북구,상월곡동,472,310
2018,서울특별시,서울특별시,성북구,하월곡동,2482,1524
2018,서울특별시,서울특별시,성북구,동선동1가,340,180
2018,서울특별시,서울특별시,성북구,동선동2가,134,83
2018,서울특별시,서울특별시,성북구,동선동3가,139,83
2018,서울특별시,서울특별시,성북구,동선동4가,216,134
2018,서울특별시,서울특별시,성북구,동선동5가,76,46
2018,서울특별시,서울특별시,성북구,보문동1가,115,66
2018,서울특별시,서울특별시,성북구,보문동2가,133,70
2018,서울특별시,서울특별시,성북구,보문동3가,151,89
2018,서울특별시,서울특별시,성북구,보문동4가,96,58
2018,서울특별시,서울특별시,성북구,보문동5가,102,57
2018,서울특별시,서울특별시,성북구,보문동6가,195,137
2018,서울특별시,서울특별시,성북구,보문동7가,155,98
2018,서울특별시,서울특별시,성북구,삼선동1가,298,180
2018,서울특별시,서울특별시,성북구,삼선동2가,302,200
2018,서울특별시,서울특별시,성북구,삼선동3가,186,126
2018,서울특별시,서울특별시,성북구,삼선동4가,190,121
2018,서울특별시,서울특별시,성북구,삼선동5가,247,152
2018,서울특별시,서울특별시,성북구,성북동1가,103,56
2018,서울특별시,서울특별시,성북구,안암동1가,141,99
2018,서울특별시,서울특별시,성북구,안암동2가,127,74
2018,서울특별시,서울특별시,성북구,안암동3가,157,104
2018,서울특별시,서울특별시,성북구,안암동4가,59,32
2018,서울특별시,서울특별시,성북구,안암동5가,650,383
2018,서울특별시,서울특별시,성북구,동소문동1가,113,68
2018,서울특별시,서울특별시,성북구,동소문동2가,96,50
2018,서울특별시,서울특별시,성북구,동소문동3가,90,56
2018,서울특별시,서울특별시,성북구,동소문동4가,113,82
2018,서울특별시,서울특별시,성북구,동소문동5가,192,113
2018,서울특별시,서울특별시,성북구,동소문동6가,186,121
2018,서울특별시,서울특별시,성북구,동소문동7가,118,78
2018,서울특별시,서울특별시,송파구,가락동,3562,2120
2018,서울특별시,서울특별시,송파구,거여동,1522,1013
2018,서울특별시,서울특별시,송파구,마천동,2468,1604
2018,서울특별시,서울특별시,송파구,문정동,2805,1750
2018,서울특별시,서울특별시,송파구,방이동,3152,1904
2018,서울특별시,서울특별시,송파구,삼전동,1480,926
2018,서울특별시,서울특별시,송파구,석촌동,1561,935
2018,서울특별시,서울특별시,송파구,송파동,1593,1018
2018,서울특별시,서울특별시,송파구,신천동,1975,1244
2018,서울특별시,서울특별시,송파구,오금동,1609,998
2018,서울특별시,서울특별시,송파구,잠실동,4831,3018
2018,서울특별시,서울특별시,송파구,장지동,1824,1109
2018,서울특별시,서울특별시,송파구,풍납동,1706,1126
2018,서울특별시,서울특별시,양천구,목동,5232,3467
2018,서울특별시,서울특별시,양천구,신월동,6657,4158
2018,서울특별시,서울특별시,양천구,신정동,7298,4828
2018,서울특별시,서울특별시,용산구,갈월동,651,355
2018,서울특별시,서울특별시,용산구,남영동,176,82
2018,서울특별시,서울특별시,용산구,도원동,188,137
2018,서울특별시,서울특별시,용산구,동자동,2019,994
2018,서울특별시,서울특별시,용산구,문배동,177,103
2018,서울특별시,서울특별시,용산구,보광동,767,455
2018,서울특별시,서울특별시,용산구,산천동,148,102
2018,서울특별시,서울특별시,용산구,서계동,458,291
2018,서울특별시,서울특별시,용산구,신계동,125,84
2018,서울특별시,서울특별시,용산구,신창동,116,77
2018,서울특별시,서울특별시,용산구,용문동,297,183
2018,서울특별시,서울특별시,용산구,이촌동,1639,918
2018,서울특별시,서울특별시,용산구,주성동,40,23
2018,서울특별시,서울특별시,용산구,청암동,37,22
2018,서울특별시,서울특별시,용산구,한남동,1755,976
2018,서울특별시,서울특별시,용산구,효창동,438,284
2018,서울특별시,서울특별시,용산구,후암동,1046,613
2018,서울특별시,서울특별시,용산구,동빙고동,247,169
2018,서울특별시,서울특별시,용산구,서빙고동,397,218
2018,서울특별시,서울특별시,용산구,이태원동,2127,1174
2018,서울특별시,서울특별시,용산구,용산동1가,46,29
2018,서울특별시,서울특별시,용산구,용산동2가,587,377
2018,서울특별시,서울특별시,용산구,용산동3가,64,39
2018,서울특별시,서울특별시,용산구,용산동4가,49,19
2018,서울특별시,서울특별시,용산구,용산동5가,222,105
2018,서울특별시,서울특별시,용산구,용산동6가,143,93
2018,서울특별시,서울특별시,용산구,원효로1가,473,260
2018,서울특별시,서울특별시,용산구,원효로2가,190,114
2018,서울특별시,서울특별시,용산구,원효로3가,182,99
2018,서울특별시,서울특별시,용산구,원효로4가,164,104
2018,서울특별시,서울특별시,용산구,청파동1가,341,231
2018,서울특별시,서울특별시,용산구,청파동2가,260,159
2018,서울특별시,서울특별시,용산구,청파동3가,249,171
2018,서울특별시,서울특별시,용산구,한강로1가,346,183
2018,서울특별시,서울특별시,용산구,한강로2가,631,378
2018,서울특별시,서울특별시,용산구,한강로3가,1157,678
2018,서울특별시,서울특별시,은평구,갈현동,3153,1954
2018,서울특별시,서울특별시,은평구,구산동,1490,980
2018,서울특별시,서울특별시,은평구,녹번동,1808,1137
2018,서울특별시,서울특별시,은평구,대조동,2090,1214
2018,서울특별시,서울특별시,은평구,불광동,3818,2409
2018,서울특별시,서울특별시,은평구,수색동,878,581
2018,서울특별시,서울특별시,은평구,신사동,2286,1454
2018,서울특별시,서울특별시,은평구,역촌동,2315,1524
2018,서울특별시,서울특별시,은평구,응암동,4174,2552
2018,서울특별시,서울특별시,은평구,증산동,866,535
2018,서울특별시,서울특별시,은평구,진관동,2388,1576
2018,서울특별시,서울특별시,종로구,계동,110,81
2018,서울특별시,서울특별시,종로구,묘동,369,179
2018,서울특별시,서울특별시,종로구,재동,59,26
2018,서울특별시,서울특별시,종로구,평동,134,69
2018,서울특별시,서울특별시,종로구,화동,34,19
2018,서울특별시,서울특별시,종로구,가회동,62,40
2018,서울특별시,서울특별시,종로구,견지동,101,54
2018,서울특별시,서울특별시,종로구,경운동,241,130
2018,서울특별시,서울특별시,종로구,공평동,90,50
2018,서울특별시,서울특별시,종로구,관수동,221,114
2018,서울특별시,서울특별시,종로구,관철동,425,202
2018,서울특별시,서울특별시,종로구,관훈동,195,113
2018,서울특별시,서울특별시,종로구,교남동,59,25
2018,서울특별시,서울특별시,종로구,교북동,69,34
2018,서울특별시,서울특별시,종로구,구기동,314,196
2018,서울특별시,서울특별시,종로구,궁정동,60,30
2018,서울특별시,서울특별시,종로구,권농동,32,21
2018,서울특별시,서울특별시,종로구,낙원동,907,411
2018,서울특별시,서울특별시,종로구,내수동,152,91
2018,서울특별시,서울특별시,종로구,내자동,128,60
2018,서울특별시,서울특별시,종로구,누상동,124,95
2018,서울특별시,서울특별시,종로구,누하동,59,42
2018,서울특별시,서울특별시,종로구,당주동,124,70
2018,서울특별시,서울특별시,종로구,도렴동,51,31
2018,서울특별시,서울특별시,종로구,돈의동,458,215
2018,서울특별시,서울특별시,종로구,동숭동,523,307
2018,서울특별시,서울특별시,종로구,무악동,417,238
2018,서울특별시,서울특별시,종로구,봉익동,90,37
2018,서울특별시,서울특별시,종로구,부암동,249,163
2018,서울특별시,서울특별시,종로구,사간동,13,12
2018,서울특별시,서울특별시,종로구,사직동,176,103
2018,서울특별시,서울특별시,종로구,삼청동,90,50
2018,서울특별시,서울특별시,종로구,서린동,118,57
2018,서울특별시,서울특별시,종로구,세종로,466,248
2018,서울특별시,서울특별시,종로구,소격동,35,25
2018,서울특별시,서울특별시,종로구,송월동,35,19
2018,서울특별시,서울특별시,종로구,송현동,7,6
2018,서울특별시,서울특별시,종로구,수송동,192,107
2018,서울특별시,서울특별시,종로구,숭인동,1521,914
2018,서울특별시,서울특별시,종로구,신교동,65,42
2018,서울특별시,서울특별시,종로구,신영동,206,138
2018,서울특별시,서울특별시,종로구,안국동,91,43
2018,서울특별시,서울특별시,종로구,연건동,238,136
2018,서울특별시,서울특별시,종로구,연지동,110,55
2018,서울특별시,서울특별시,종로구,예지동,105,45
2018,서울특별시,서울특별시,종로구,옥인동,99,63
2018,서울특별시,서울특별시,종로구,와룡동,88,51
2018,서울특별시,서울특별시,종로구,운니동,69,42
2018,서울특별시,서울특별시,종로구,원남동,100,64
2018,서울특별시,서울특별시,종로구,원서동,84,64
2018,서울특별시,서울특별시,종로구,이화동,141,105
2018,서울특별시,서울특별시,종로구,익선동,98,57
2018,서울특별시,서울특별시,종로구,인사동,176,93
2018,서울특별시,서울특별시,종로구,인의동,218,112
2018,서울특별시,서울특별시,종로구,장사동,52,24
2018,서울특별시,서울특별시,종로구,적선동,146,80
2018,서울특별시,서울특별시,종로구,중학동,47,28
2018,서울특별시,서울특별시,종로구,창성동,56,31
2018,서울특별시,서울특별시,종로구,창신동,1892,1173
2018,서울특별시,서울특별시,종로구,청운동,145,97
2018,서울특별시,서울특별시,종로구,청진동,180,95
2018,서울특별시,서울특별시,종로구,체부동,73,49
2018,서울특별시,서울특별시,종로구,충신동,204,147
2018,서울특별시,서울특별시,종로구,통의동,68,42
2018,서울특별시,서울특별시,종로구,통인동,74,53
2018,서울특별시,서울특별시,종로구,팔판동,17,16
2018,서울특별시,서울특별시,종로구,평창동,652,425
2018,서울특별시,서울특별시,종로구,필운동,75,48
2018,서울특별시,서울특별시,종로구,행촌동,252,144
2018,서울특별시,서울특별시,종로구,혜화동,278,167
2018,서울특별시,서울특별시,종로구,홍지동,198,133
2018,서울특별시,서울특별시,종로구,홍파동,60,47
2018,서울특별시,서울특별시,종로구,효자동,44,32
2018,서울특별시,서울특별시,종로구,효제동,141,71
2018,서울특별시,서울특별시,종로구,훈정동,26,7
2018,서울특별시,서울특별시,종로구,명륜1가,191,121
2018,서울특별시,서울특별시,종로구,명륜2가,198,127
2018,서울특별시,서울특별시,종로구,명륜3가,343,209
2018,서울특별시,서울특별시,종로구,명륜4가,193,107
2018,서울특별시,서울특별시,종로구,종로1가,116,69
2018,서울특별시,서울특별시,종로구,종로2가,610,272
2018,서울특별시,서울특별시,종로구,종로3가,640,257
2018,서울특별시,서울특별시,종로구,종로4가,158,81
2018,서울특별시,서울특별시,종로구,종로5가,534,245
2018,서울특별시,서울특별시,종로구,종로6가,404,211
2018,서울특별시,서울특별시,종로구,신문로1가,90,51
2018,서울특별시,서울특별시,종로구,신문로2가,103,59
2018,서울특별시,서울특별시,중랑구,묵동,2549,1793
2018,서울특별시,서울특별시,중랑구,망우동,3605,2469
2018,서울특별시,서울특별시,중랑구,면목동,8107,5462
2018,서울특별시,서울특별시,중랑구,상봉동,3152,2121
2018,서울특별시,서울특별시,중랑구,신내동,3380,2390
2018,서울특별시,서울특별시,중랑구,중화동,3118,2110
2018,서울특별시,서울특별시,동대문구,신설동,795,440
2018,서울특별시,서울특별시,동대문구,용두동,2440,1435
2018,서울특별시,서울특별시,동대문구,이문동,2307,1499
2018,서울특별시,서울특별시,동대문구,장안동,4048,2645
2018,서울특별시,서울특별시,동대문구,전농동,3057,1901
2018,서울특별시,서울특별시,동대문구,제기동,2153,1266
2018,서울특별시,서울특별시,동대문구,회기동,593,373
2018,서울특별시,서울특별시,동대문구,휘경동,1910,1209
2018,서울특별시,서울특별시,동대문구,답십리동,2590,1771
2018,서울특별시,서울특별시,동대문구,청량리동,2225,1213
2018,서울특별시,서울특별시,서대문구,합동,120,61
2018,서울특별시,서울특별시,서대문구,냉천동,216,133
2018,서울특별시,서울특별시,서대문구,대신동,217,122
2018,서울특별시,서울특별시,서대문구,대현동,663,391
2018,서울특별시,서울특별시,서대문구,미근동,269,132
2018,서울특별시,서울특별시,서대문구,봉원동,69,33
2018,서울특별시,서울특별시,서대문구,신촌동,289,129
2018,서울특별시,서울특별시,서대문구,연희동,2168,1354
2018,서울특별시,서울특별시,서대문구,영천동,269,138
2018,서울특별시,서울특별시,서대문구,옥천동,125,72
2018,서울특별시,서울특별시,서대문구,창천동,2007,917
2018,서울특별시,서울특별시,서대문구,천연동,248,147
2018,서울특별시,서울특별시,서대문구,현저동,411,255
2018,서울특별시,서울특별시,서대문구,홍은동,3046,1908
2018,서울특별시,서울특별시,서대문구,홍제동,3226,1908
2018,서울특별시,서울특별시,서대문구,남가좌동,2064,1214
2018,서울특별시,서울특별시,서대문구,북가좌동,2467,1558
2018,서울특별시,서울특별시,서대문구,북아현동,1463,866
2018,서울특별시,서울특별시,서대문구,충정로2가,309,155
2018,서울특별시,서울특별시,서대문구,충정로3가,557,315
2018,서울특별시,서울특별시,영등포구,당산동,387,222
2018,서울특별시,서울특별시,영등포구,대림동,3510,2154
2018,서울특별시,서울특별시,영등포구,도림동,907,588
2018,서울특별시,서울특별시,영등포구,신길동,5028,3227
2018,서울특별시,서울특별시,영등포구,양평동,92,40
2018,서울특별시,서울특별시,영등포구,양화동,203,93
2018,서울특별시,서울특별시,영등포구,여의도동,4038,2271
2018,서울특별시,서울특별시,영등포구,영등포동,2044,979
2018,서울특별시,서울특별시,영등포구,당산동1가,406,236
2018,서울특별시,서울특별시,영등포구,당산동2가,221,145
2018,서울특별시,서울특별시,영등포구,당산동3가,860,482
2018,서울특별시,서울특별시,영등포구,당산동4가,371,264
2018,서울특별시,서울특별시,영등포구,당산동5가,451,289
2018,서울특별시,서울특별시,영등포구,당산동6가,506,275
2018,서울특별시,서울특별시,영등포구,문래동1가,155,90
2018,서울특별시,서울특별시,영등포구,문래동2가,108,78
2018,서울특별시,서울특별시,영등포구,문래동3가,854,554
2018,서울특별시,서울특별시,영등포구,문래동4가,102,68
2018,서울특별시,서울특별시,영등포구,문래동5가,142,95
2018,서울특별시,서울특별시,영등포구,문래동6가,250,185
2018,서울특별시,서울특별시,영등포구,양평동1가,306,195
2018,서울특별시,서울특별시,영등포구,양평동2가,314,210
2018,서울특별시,서울특별시,영등포구,양평동3가,476,292
2018,서울특별시,서울특별시,영등포구,양평동4가,378,252
2018,서울특별시,서울특별시,영등포구,양평동5가,213,124
2018,서울특별시,서울특별시,영등포구,양평동6가,118,77
2018,서울특별시,서울특별시,영등포구,영등포동1가,257,136
2018,서울특별시,서울특별시,영등포구,영등포동2가,443,239
2018,서울특별시,서울특별시,영등포구,영등포동3가,1183,471
2018,서울특별시,서울특별시,영등포구,영등포동4가,692,368
2018,서울특별시,서울특별시,영등포구,영등포동5가,485,201
2018,서울특별시,서울특별시,영등포구,영등포동6가,282,150
2018,서울특별시,서울특별시,영등포구,영등포동7가,417,239
2018,서울특별시,서울특별시,영등포구,영등포동8가,245,162
2018,서울특별시,서울특별시,미상,미상,8,7
2018,서울특별시,인천광역시,서구,석남동,1,0
2018,서울특별시,인천광역시,남동구,만수동,1,1
2018,서울특별시,인천광역시,부평구,부개동,1,0
2017,서울특별시,경기도,광명시,광명동,1,0
2017,서울특별시,경기도,구리시,교문동,1,1
2017,서울특별시,경기도,구리시,토평동,2,0
2017,서울특별시,경기도,파주시,광탄면,5,0
2017,서울특별시,경기도,하남시,,1,0
2017,서울특별시,경기도,하남시,선동,1,0
2017,서울특별시,경기도,하남시,감일동,3,2
2017,서울특별시,경기도,하남시,덕풍동,1,0
2017,서울특별시,경기도,하남시,망월동,2,2
2017,서울특별시,경기도,하남시,초이동,2,1
2017,서울특별시,경기도,하남시,학암동,1,1
2017,서울특별시,경기도,의정부시,장암동,6,4
2017,서울특별시,경기도,고양시 덕양구,지축동,1,1
2017,서울특별시,경기도,고양시 덕양구,효자동,2,2
2017,서울특별시,경기도,성남시 수정구,복정동,1,0
2017,서울특별시,경기도,안양시 만안구,석수동,1,1
2017,서울특별시,서울특별시,중구,다동,137,61
2017,서울특별시,서울특별시,중구,정동,203,107
2017,서울특별시,서울특별시,중구,초동,87,50
2017,서울특별시,서울특별시,중구,남창동,385,210
2017,서울특별시,서울특별시,중구,남학동,8,4
2017,서울특별시,서울특별시,중구,무교동,74,35
2017,서울특별시,서울특별시,중구,무학동,116,63
2017,서울특별시,서울특별시,중구,묵정동,84,59
2017,서울특별시,서울특별시,중구,방산동,57,25
2017,서울특별시,서울특별시,중구,북창동,98,39
2017,서울특별시,서울특별시,중구,산림동,38,20
2017,서울특별시,서울특별시,중구,삼각동,13,8
2017,서울특별시,서울특별시,중구,소공동,141,81
2017,서울특별시,서울특별시,중구,수표동,57,28
2017,서울특별시,서울특별시,중구,수하동,47,20
2017,서울특별시,서울특별시,중구,순화동,138,78
2017,서울특별시,서울특별시,중구,신당동,4454,2756
2017,서울특별시,서울특별시,중구,쌍림동,129,75
2017,서울특별시,서울특별시,중구,예관동,57,33
2017,서울특별시,서울특별시,중구,예장동,154,83
2017,서울특별시,서울특별시,중구,오장동,83,60
2017,서울특별시,서울특별시,중구,입정동,48,20
2017,서울특별시,서울특별시,중구,장교동,50,29
2017,서울특별시,서울특별시,중구,주교동,122,62
2017,서울특별시,서울특별시,중구,주자동,13,5
2017,서울특별시,서울특별시,중구,중림동,746,411
2017,서울특별시,서울특별시,중구,황학동,987,587
2017,서울특별시,서울특별시,중구,흥인동,297,168
2017,서울특별시,서울특별시,중구,명동1가,85,60
2017,서울특별시,서울특별시,중구,명동2가,193,132
2017,서울특별시,서울특별시,중구,저동1가,54,27
2017,서울특별시,서울특별시,중구,저동2가,133,63
2017,서울특별시,서울특별시,중구,필동1가,101,59
2017,서울특별시,서울특별시,중구,필동2가,326,165
2017,서울특별시,서울특별시,중구,필동3가,103,65
2017,서울특별시,서울특별시,중구,서소문동,221,99
2017,서울특별시,서울특별시,중구,광희동1가,206,101
2017,서울특별시,서울특별시,중구,광희동2가,154,95
2017,서울특별시,서울특별시,중구,남산동1가,33,24
2017,서울특별시,서울특별시,중구,남산동2가,94,61
2017,서울특별시,서울특별시,중구,남산동3가,28,14
2017,서울특별시,서울특별시,중구,만리동1가,74,47
2017,서울특별시,서울특별시,중구,만리동2가,71,43
2017,서울특별시,서울특별시,중구,봉래동1가,66,27
2017,서울특별시,서울특별시,중구,봉래동2가,1295,550
2017,서울특별시,서울특별시,중구,을지로1가,187,96
2017,서울특별시,서울특별시,중구,을지로2가,197,106
2017,서울특별시,서울특별시,중구,을지로3가,279,144
2017,서울특별시,서울특별시,중구,을지로4가,177,89
2017,서울특별시,서울특별시,중구,을지로5가,169,89
2017,서울특별시,서울특별시,중구,을지로6가,443,237
2017,서울특별시,서울특별시,중구,을지로7가,291,150
2017,서울특별시,서울특별시,중구,의주로1가,52,30
2017,서울특별시,서울특별시,중구,의주로2가,32,14
2017,서울특별시,서울특별시,중구,인현동1가,53,30
2017,서울특별시,서울특별시,중구,인현동2가,129,52
2017,서울특별시,서울특별시,중구,장충동1가,127,70
2017,서울특별시,서울특별시,중구,장충동2가,573,340
2017,서울특별시,서울특별시,중구,충무로1가,167,105
2017,서울특별시,서울특별시,중구,충무로2가,167,105
2017,서울특별시,서울특별시,중구,충무로3가,111,56
2017,서울특별시,서울특별시,중구,충무로4가,192,112
2017,서울특별시,서울특별시,중구,충무로5가,80,55
2017,서울특별시,서울특별시,중구,충정로1가,55,31
2017,서울특별시,서울특별시,중구,태평로1가,212,89
2017,서울특별시,서울특별시,중구,태평로2가,306,147
2017,서울특별시,서울특별시,중구,회현동1가,312,208
2017,서울특별시,서울특별시,중구,회현동2가,97,58
2017,서울특별시,서울특별시,중구,회현동3가,11,5
2017,서울특별시,서울특별시,중구,남대문로1가,37,12
2017,서울특별시,서울특별시,중구,남대문로2가,83,45
2017,서울특별시,서울특별시,중구,남대문로3가,58,34
2017,서울특별시,서울특별시,중구,남대문로4가,115,67
2017,서울특별시,서울특별시,중구,남대문로5가,840,402
2017,서울특별시,서울특별시,강남구,개포동,2473,1566
2017,서울특별시,서울특별시,강남구,논현동,4547,2514
2017,서울특별시,서울특별시,강남구,대치동,3548,2135
2017,서울특별시,서울특별시,강남구,도곡동,1764,1075
2017,서울특별시,서울특별시,강남구,삼성동,3305,1919
2017,서울특별시,서울특별시,강남구,세곡동,644,389
2017,서울특별시,서울특별시,강남구,수서동,2175,1280
2017,서울특별시,서울특별시,강남구,신사동,2103,1157
2017,서울특별시,서울특별시,강남구,역삼동,6398,3612
2017,서울특별시,서울특별시,강남구,율현동,188,108
2017,서울특별시,서울특별시,강남구,일원동,1408,884
2017,서울특별시,서울특별시,강남구,자곡동,908,596
2017,서울특별시,서울특별시,강남구,청담동,1912,1109
2017,서울특별시,서울특별시,강남구,압구정동,1208,716
2017,서울특별시,서울특별시,강동구,길동,2465,1584
2017,서울특별시,서울특별시,강동구,강일동,1026,691
2017,서울특별시,서울특별시,강동구,고덕동,1259,861
2017,서울특별시,서울특별시,강동구,둔촌동,1362,943
2017,서울특별시,서울특별시,강동구,명일동,1414,932
2017,서울특별시,서울특별시,강동구,상일동,844,526
2017,서울특별시,서울특별시,강동구,성내동,3415,2199
2017,서울특별시,서울특별시,강동구,암사동,2545,1635
2017,서울특별시,서울특별시,강동구,천호동,5439,3307
2017,서울특별시,서울특별시,강북구,번동,4142,2692
2017,서울특별시,서울특별시,강북구,미아동,8304,5303
2017,서울특별시,서울특별시,강북구,수유동,7112,4573
2017,서울특별시,서울특별시,강북구,우이동,793,551
2017,서울특별시,서울특별시,강서구,가양동,3252,2003
2017,서울특별시,서울특별시,강서구,개화동,365,196
2017,서울특별시,서울특별시,강서구,공항동,1253,846
2017,서울특별시,서울특별시,강서구,과해동,83,49
2017,서울특별시,서울특별시,강서구,등촌동,4436,2896
2017,서울특별시,서울특별시,강서구,마곡동,1720,1151
2017,서울특별시,서울특별시,강서구,방화동,4276,2858
2017,서울특별시,서울특별시,강서구,염창동,1228,776
2017,서울특별시,서울특별시,강서구,오곡동,24,7
2017,서울특별시,서울특별시,강서구,오쇠동,8,5
2017,서울특별시,서울특별시,강서구,화곡동,10347,6652
2017,서울특별시,서울특별시,강서구,내발산동,1714,1176
2017,서울특별시,서울특별시,강서구,외발산동,207,130
2017,서울특별시,서울특별시,관악구,남현동,1142,712
2017,서울특별시,서울특별시,관악구,봉천동,10910,7259
2017,서울특별시,서울특별시,관악구,신림동,13968,9237
2017,서울특별시,서울특별시,광진구,능동,792,520
2017,서울특별시,서울특별시,광진구,광장동,1281,794
2017,서울특별시,서울특별시,광진구,구의동,3327,2137
2017,서울특별시,서울특별시,광진구,군자동,1070,679
2017,서울특별시,서울특별시,광진구,자양동,4786,2974
2017,서울특별시,서울특별시,광진구,중곡동,3893,2572
2017,서울특별시,서울특별시,광진구,화양동,2027,1245
2017,서울특별시,서울특별시,구로구,궁동,768,487
2017,서울특별시,서울특별시,구로구,항동,142,99
2017,서울특별시,서울특별시,구로구,개봉동,3957,2653
2017,서울특별시,서울특별시,구로구,고척동,2561,1779
2017,서울특별시,서울특별시,구로구,구로동,8306,4941
2017,서울특별시,서울특별시,구로구,오류동,2395,1539
2017,서울특별시,서울특별시,구로구,온수동,531,345
2017,서울특별시,서울특별시,구로구,천왕동,506,355
2017,서울특별시,서울특별시,구로구,가리봉동,1023,585
2017,서울특별시,서울특별시,구로구,신도림동,1733,1098
2017,서울특별시,서울특별시,금천구,가산동,2272,1342
2017,서울특별시,서울특별시,금천구,독산동,5736,3702
2017,서울특별시,서울특별시,금천구,시흥동,6441,4130
2017,서울특별시,서울특별시,노원구,공릉동,3681,2529
2017,서울특별시,서울특별시,노원구,상계동,10040,6609
2017,서울특별시,서울특별시,노원구,월계동,4518,3098
2017,서울특별시,서울특별시,노원구,중계동,4686,3229
2017,서울특별시,서울특별시,노원구,하계동,2170,1526
2017,서울특별시,서울특별시,도봉구,창동,5663,3864
2017,서울특별시,서울특별시,도봉구,도봉동,3612,2310
2017,서울특별시,서울특별시,도봉구,방학동,4253,2816
2017,서울특별시,서울특별시,도봉구,쌍문동,3766,2580
2017,서울특별시,서울특별시,동작구,본동,661,408
2017,서울특별시,서울특별시,동작구,대방동,1672,1130
2017,서울특별시,서울특별시,동작구,동작동,540,294
2017,서울특별시,서울특별시,동작구,사당동,5075,3127
2017,서울특별시,서울특별시,동작구,상도동,4433,3126
2017,서울특별시,서울특별시,동작구,흑석동,1266,823
2017,서울특별시,서울특별시,동작구,상도1동,463,291
2017,서울특별시,서울특별시,동작구,노량진동,2584,1674
2017,서울특별시,서울특별시,동작구,신대방동,2014,1310
2017,서울특별시,서울특별시,마포구,중동,305,199
2017,서울특별시,서울특별시,마포구,공덕동,1420,860
2017,서울특별시,서울특별시,마포구,구수동,77,50
2017,서울특별시,서울특별시,마포구,당인동,65,35
2017,서울특별시,서울특별시,마포구,대흥동,815,529
2017,서울특별시,서울특별시,마포구,도화동,1251,859
2017,서울특별시,서울특별시,마포구,동교동,1130,608
2017,서울특별시,서울특별시,마포구,마포동,304,137
2017,서울특별시,서울특별시,마포구,망원동,2129,1396
2017,서울특별시,서울특별시,마포구,상수동,540,334
2017,서울특별시,서울특별시,마포구,상암동,2077,1282
2017,서울특별시,서울특별시,마포구,서교동,3334,1798
2017,서울특별시,서울특별시,마포구,성산동,2929,1832
2017,서울특별시,서울특별시,마포구,신수동,762,503
2017,서울특별시,서울특별시,마포구,신정동,82,53
2017,서울특별시,서울특별시,마포구,아현동,1391,815
2017,서울특별시,서울특별시,마포구,연남동,881,551
2017,서울특별시,서울특별시,마포구,염리동,618,432
2017,서울특별시,서울특별시,마포구,용강동,328,205
2017,서울특별시,서울특별시,마포구,창전동,566,365
2017,서울특별시,서울특별시,마포구,토정동,61,31
2017,서울특별시,서울특별시,마포구,하중동,52,27
2017,서울특별시,서울특별시,마포구,합정동,1441,833
2017,서울특별시,서울특별시,마포구,현석동,121,81
2017,서울특별시,서울특별시,마포구,노고산동,676,403
2017,서울특별시,서울특별시,마포구,신공덕동,479,342
2017,서울특별시,서울특별시,서초구,내곡동,433,261
2017,서울특별시,서울특별시,서초구,반포동,4233,2439
2017,서울특별시,서울특별시,서초구,방배동,5079,3041
2017,서울특별시,서울특별시,서초구,서초동,6981,3970
2017,서울특별시,서울특별시,서초구,신원동,420,282
2017,서울특별시,서울특별시,서초구,양재동,2651,1550
2017,서울특별시,서울특별시,서초구,염곡동,97,62
2017,서울특별시,서울특별시,서초구,우면동,1151,745
2017,서울특별시,서울특별시,서초구,원지동,314,156
2017,서울특별시,서울특별시,서초구,잠원동,2202,1269
2017,서울특별시,서울특별시,성동구,도선동,405,233
2017,서울특별시,서울특별시,성동구,마장동,1110,744
2017,서울특별시,서울특별시,성동구,사근동,393,252
2017,서울특별시,서울특별시,성동구,송정동,709,432
2017,서울특별시,서울특별시,성동구,옥수동,1053,607
2017,서울특별시,서울특별시,성동구,용답동,1196,799
2017,서울특별시,서울특별시,성동구,응봉동,504,338
2017,서울특별시,서울특별시,성동구,행당동,2520,1587
2017,서울특별시,서울특별시,성동구,홍익동,370,260
2017,서울특별시,서울특별시,성동구,금호동1가,606,419
2017,서울특별시,서울특별시,성동구,금호동2가,406,271
2017,서울특별시,서울특별시,성동구,금호동3가,552,371
2017,서울특별시,서울특별시,성동구,금호동4가,742,460
2017,서울특별시,서울특별시,성동구,성수동1가,1778,1128
2017,서울특별시,서울특별시,성동구,성수동2가,2210,1303
2017,서울특별시,서울특별시,성동구,상왕십리동,274,164
2017,서울특별시,서울특별시,성동구,하왕십리동,1095,761
2017,서울특별시,서울특별시,성북구,길음동,1865,1221
2017,서울특별시,서울특별시,성북구,돈암동,1432,946
2017,서울특별시,서울특별시,성북구,석관동,1605,1086
2017,서울특별시,서울특별시,성북구,성북동,564,365
2017,서울특별시,서울특별시,성북구,장위동,2628,1719
2017,서울특별시,서울특별시,성북구,정릉동,4210,2697
2017,서울특별시,서울특별시,성북구,종암동,2019,1282
2017,서울특별시,서울특별시,성북구,상월곡동,552,312
2017,서울특별시,서울특별시,성북구,하월곡동,2450,1489
2017,서울특별시,서울특별시,성북구,동선동1가,338,192
2017,서울특별시,서울특별시,성북구,동선동2가,146,93
2017,서울특별시,서울특별시,성북구,동선동3가,130,80
2017,서울특별시,서울특별시,성북구,동선동4가,216,119
2017,서울특별시,서울특별시,성북구,동선동5가,77,65
2017,서울특별시,서울특별시,성북구,보문동1가,162,84
2017,서울특별시,서울특별시,성북구,보문동2가,115,75
2017,서울특별시,서울특별시,성북구,보문동3가,140,85
2017,서울특별시,서울특별시,성북구,보문동4가,99,53
2017,서울특별시,서울특별시,성북구,보문동5가,100,62
2017,서울특별시,서울특별시,성북구,보문동6가,182,122
2017,서울특별시,서울특별시,성북구,보문동7가,106,67
2017,서울특별시,서울특별시,성북구,삼선동1가,299,197
2017,서울특별시,서울특별시,성북구,삼선동2가,288,193
2017,서울특별시,서울특별시,성북구,삼선동3가,201,146
2017,서울특별시,서울특별시,성북구,삼선동4가,194,123
2017,서울특별시,서울특별시,성북구,삼선동5가,245,147
2017,서울특별시,서울특별시,성북구,성북동1가,109,66
2017,서울특별시,서울특별시,성북구,안암동1가,116,80
2017,서울특별시,서울특별시,성북구,안암동2가,150,85
2017,서울특별시,서울특별시,성북구,안암동3가,149,104
2017,서울특별시,서울특별시,성북구,안암동4가,73,43
2017,서울특별시,서울특별시,성북구,안암동5가,609,337
2017,서울특별시,서울특별시,성북구,동소문동1가,99,49
2017,서울특별시,서울특별시,성북구,동소문동2가,98,57
2017,서울특별시,서울특별시,성북구,동소문동3가,77,39
2017,서울특별시,서울특별시,성북구,동소문동4가,135,85
2017,서울특별시,서울특별시,성북구,동소문동5가,156,88
2017,서울특별시,서울특별시,성북구,동소문동6가,194,130
2017,서울특별시,서울특별시,성북구,동소문동7가,114,79
2017,서울특별시,서울특별시,송파구,가락동,3486,2160
2017,서울특별시,서울특별시,송파구,거여동,1543,973
2017,서울특별시,서울특별시,송파구,마천동,2432,1566
2017,서울특별시,서울특별시,송파구,문정동,2654,1713
2017,서울특별시,서울특별시,송파구,방이동,2840,1810
2017,서울특별시,서울특별시,송파구,삼전동,1293,853
2017,서울특별시,서울특별시,송파구,석촌동,1570,957
2017,서울특별시,서울특별시,송파구,송파동,1544,1011
2017,서울특별시,서울특별시,송파구,신천동,2044,1265
2017,서울특별시,서울특별시,송파구,오금동,1473,927
2017,서울특별시,서울특별시,송파구,잠실동,4536,2880
2017,서울특별시,서울특별시,송파구,장지동,1677,1064
2017,서울특별시,서울특별시,송파구,풍납동,1613,1060
2017,서울특별시,서울특별시,양천구,목동,5099,3296
2017,서울특별시,서울특별시,양천구,신월동,6386,4177
2017,서울특별시,서울특별시,양천구,신정동,6874,4746
2017,서울특별시,서울특별시,용산구,갈월동,584,321
2017,서울특별시,서울특별시,용산구,남영동,174,89
2017,서울특별시,서울특별시,용산구,도원동,207,128
2017,서울특별시,서울특별시,용산구,동자동,1923,870
2017,서울특별시,서울특별시,용산구,문배동,164,104
2017,서울특별시,서울특별시,용산구,보광동,819,489
2017,서울특별시,서울특별시,용산구,산천동,173,133
2017,서울특별시,서울특별시,용산구,서계동,499,303
2017,서울특별시,서울특별시,용산구,신계동,138,86
2017,서울특별시,서울특별시,용산구,신창동,88,59
2017,서울특별시,서울특별시,용산구,용문동,298,175
2017,서울특별시,서울특별시,용산구,이촌동,1574,906
2017,서울특별시,서울특별시,용산구,주성동,60,39
2017,서울특별시,서울특별시,용산구,청암동,38,21
2017,서울특별시,서울특별시,용산구,한남동,1536,853
2017,서울특별시,서울특별시,용산구,효창동,466,309
2017,서울특별시,서울특별시,용산구,후암동,971,577
2017,서울특별시,서울특별시,용산구,동빙고동,223,144
2017,서울특별시,서울특별시,용산구,서빙고동,358,219
2017,서울특별시,서울특별시,용산구,이태원동,2156,1178
2017,서울특별시,서울특별시,용산구,용산동1가,33,19
2017,서울특별시,서울특별시,용산구,용산동2가,626,351
2017,서울특별시,서울특별시,용산구,용산동3가,48,32
2017,서울특별시,서울특별시,용산구,용산동4가,49,27
2017,서울특별시,서울특별시,용산구,용산동5가,202,120
2017,서울특별시,서울특별시,용산구,용산동6가,164,94
2017,서울특별시,서울특별시,용산구,원효로1가,459,240
2017,서울특별시,서울특별시,용산구,원효로2가,178,106
2017,서울특별시,서울특별시,용산구,원효로3가,184,113
2017,서울특별시,서울특별시,용산구,원효로4가,181,111
2017,서울특별시,서울특별시,용산구,청파동1가,293,181
2017,서울특별시,서울특별시,용산구,청파동2가,224,148
2017,서울특별시,서울특별시,용산구,청파동3가,213,146
2017,서울특별시,서울특별시,용산구,한강로1가,348,187
2017,서울특별시,서울특별시,용산구,한강로2가,485,282
2017,서울특별시,서울특별시,용산구,한강로3가,1082,615
2017,서울특별시,서울특별시,은평구,갈현동,2974,1790
2017,서울특별시,서울특별시,은평구,구산동,1354,887
2017,서울특별시,서울특별시,은평구,녹번동,1677,1036
2017,서울특별시,서울특별시,은평구,대조동,1933,1194
2017,서울특별시,서울특별시,은평구,불광동,3477,2195
2017,서울특별시,서울특별시,은평구,수색동,933,637
2017,서울특별시,서울특별시,은평구,신사동,2246,1393
2017,서울특별시,서울특별시,은평구,역촌동,2277,1434
2017,서울특별시,서울특별시,은평구,응암동,3959,2427
2017,서울특별시,서울특별시,은평구,증산동,855,538
2017,서울특별시,서울특별시,은평구,진관동,2269,1490
2017,서울특별시,서울특별시,종로구,계동,86,53
2017,서울특별시,서울특별시,종로구,묘동,395,173
2017,서울특별시,서울특별시,종로구,재동,98,46
2017,서울특별시,서울특별시,종로구,평동,153,76
2017,서울특별시,서울특별시,종로구,화동,37,24
2017,서울특별시,서울특별시,종로구,가회동,47,32
2017,서울특별시,서울특별시,종로구,견지동,115,57
2017,서울특별시,서울특별시,종로구,경운동,267,155
2017,서울특별시,서울특별시,종로구,공평동,86,48
2017,서울특별시,서울특별시,종로구,관수동,194,117
2017,서울특별시,서울특별시,종로구,관철동,451,249
2017,서울특별시,서울특별시,종로구,관훈동,142,79
2017,서울특별시,서울특별시,종로구,교남동,54,35
2017,서울특별시,서울특별시,종로구,교북동,51,24
2017,서울특별시,서울특별시,종로구,구기동,319,216
2017,서울특별시,서울특별시,종로구,궁정동,41,23
2017,서울특별시,서울특별시,종로구,권농동,34,22
2017,서울특별시,서울특별시,종로구,낙원동,798,358
2017,서울특별시,서울특별시,종로구,내수동,131,93
2017,서울특별시,서울특별시,종로구,내자동,121,63
2017,서울특별시,서울특별시,종로구,누상동,128,85
2017,서울특별시,서울특별시,종로구,누하동,47,33
2017,서울특별시,서울특별시,종로구,당주동,139,82
2017,서울특별시,서울특별시,종로구,도렴동,59,27
2017,서울특별시,서울특별시,종로구,돈의동,448,220
2017,서울특별시,서울특별시,종로구,동숭동,473,285
2017,서울특별시,서울특별시,종로구,무악동,342,188
2017,서울특별시,서울특별시,종로구,봉익동,69,34
2017,서울특별시,서울특별시,종로구,부암동,266,167
2017,서울특별시,서울특별시,종로구,사간동,18,12
2017,서울특별시,서울특별시,종로구,사직동,196,130
2017,서울특별시,서울특별시,종로구,삼청동,72,46
2017,서울특별시,서울특별시,종로구,서린동,128,69
2017,서울특별시,서울특별시,종로구,세종로,655,257
2017,서울특별시,서울특별시,종로구,소격동,47,32
2017,서울특별시,서울특별시,종로구,송월동,17,9
2017,서울특별시,서울특별시,종로구,송현동,3,3
2017,서울특별시,서울특별시,종로구,수송동,194,121
2017,서울특별시,서울특별시,종로구,숭인동,1631,1003
2017,서울특별시,서울특별시,종로구,신교동,81,52
2017,서울특별시,서울특별시,종로구,신영동,235,150
2017,서울특별시,서울특별시,종로구,안국동,68,43
2017,서울특별시,서울특별시,종로구,연건동,291,164
2017,서울특별시,서울특별시,종로구,연지동,116,78
2017,서울특별시,서울특별시,종로구,예지동,106,54
2017,서울특별시,서울특별시,종로구,옥인동,132,91
2017,서울특별시,서울특별시,종로구,와룡동,92,58
2017,서울특별시,서울특별시,종로구,운니동,67,32
2017,서울특별시,서울특별시,종로구,원남동,106,68
2017,서울특별시,서울특별시,종로구,원서동,81,57
2017,서울특별시,서울특별시,종로구,이화동,132,81
2017,서울특별시,서울특별시,종로구,익선동,86,50
2017,서울특별시,서울특별시,종로구,인사동,151,79
2017,서울특별시,서울특별시,종로구,인의동,195,104
2017,서울특별시,서울특별시,종로구,장사동,61,31
2017,서울특별시,서울특별시,종로구,적선동,152,82
2017,서울특별시,서울특별시,종로구,중학동,37,24
2017,서울특별시,서울특별시,종로구,창성동,75,52
2017,서울특별시,서울특별시,종로구,창신동,1866,1109
2017,서울특별시,서울특별시,종로구,청운동,161,107
2017,서울특별시,서울특별시,종로구,청진동,175,101
2017,서울특별시,서울특별시,종로구,체부동,68,39
2017,서울특별시,서울특별시,종로구,충신동,203,137
2017,서울특별시,서울특별시,종로구,통의동,51,32
2017,서울특별시,서울특별시,종로구,통인동,78,53
2017,서울특별시,서울특별시,종로구,팔판동,16,8
2017,서울특별시,서울특별시,종로구,평창동,648,414
2017,서울특별시,서울특별시,종로구,필운동,64,35
2017,서울특별시,서울특별시,종로구,행촌동,261,147
2017,서울특별시,서울특별시,종로구,혜화동,266,158
2017,서울특별시,서울특별시,종로구,홍지동,191,138
2017,서울특별시,서울특별시,종로구,홍파동,51,30
2017,서울특별시,서울특별시,종로구,효자동,44,26
2017,서울특별시,서울특별시,종로구,효제동,108,64
2017,서울특별시,서울특별시,종로구,훈정동,29,13
2017,서울특별시,서울특별시,종로구,명륜1가,170,112
2017,서울특별시,서울특별시,종로구,명륜2가,238,142
2017,서울특별시,서울특별시,종로구,명륜3가,323,222
2017,서울특별시,서울특별시,종로구,명륜4가,181,92
2017,서울특별시,서울특별시,종로구,종로1가,138,67
2017,서울특별시,서울특별시,종로구,종로2가,608,280
2017,서울특별시,서울특별시,종로구,종로3가,581,232
2017,서울특별시,서울특별시,종로구,종로4가,168,90
2017,서울특별시,서울특별시,종로구,종로5가,591,284
2017,서울특별시,서울특별시,종로구,종로6가,444,248
2017,서울특별시,서울특별시,종로구,신문로1가,128,68
2017,서울특별시,서울특별시,종로구,신문로2가,95,61
2017,서울특별시,서울특별시,중랑구,묵동,2535,1744
2017,서울특별시,서울특별시,중랑구,망우동,3490,2362
2017,서울특별시,서울특별시,중랑구,면목동,8130,5323
2017,서울특별시,서울특별시,중랑구,상봉동,2938,1930
2017,서울특별시,서울특별시,중랑구,신내동,3430,2391
2017,서울특별시,서울특별시,중랑구,중화동,2987,2030
2017,서울특별시,서울특별시,동대문구,신설동,786,430
2017,서울특별시,서울특별시,동대문구,용두동,2613,1525
2017,서울특별시,서울특별시,동대문구,이문동,2185,1407
2017,서울특별시,서울특별시,동대문구,장안동,3668,2455
2017,서울특별시,서울특별시,동대문구,전농동,3198,1957
2017,서울특별시,서울특별시,동대문구,제기동,2132,1325
2017,서울특별시,서울특별시,동대문구,회기동,624,368
2017,서울특별시,서울특별시,동대문구,휘경동,1922,1222
2017,서울특별시,서울특별시,동대문구,답십리동,2276,1551
2017,서울특별시,서울특별시,동대문구,청량리동,2057,1211
2017,서울특별시,서울특별시,서대문구,합동,102,62
2017,서울특별시,서울특별시,서대문구,냉천동,162,95
2017,서울특별시,서울특별시,서대문구,대신동,244,138
2017,서울특별시,서울특별시,서대문구,대현동,590,329
2017,서울특별시,서울특별시,서대문구,미근동,227,103
2017,서울특별시,서울특별시,서대문구,봉원동,59,27
2017,서울특별시,서울특별시,서대문구,신촌동,197,112
2017,서울특별시,서울특별시,서대문구,연희동,2042,1345
2017,서울특별시,서울특별시,서대문구,영천동,177,102
2017,서울특별시,서울특별시,서대문구,옥천동,120,65
2017,서울특별시,서울특별시,서대문구,창천동,1750,1000
2017,서울특별시,서울특별시,서대문구,천연동,200,138
2017,서울특별시,서울특별시,서대문구,현저동,350,209
2017,서울특별시,서울특별시,서대문구,홍은동,2638,1757
2017,서울특별시,서울특별시,서대문구,홍제동,2911,1882
2017,서울특별시,서울특별시,서대문구,남가좌동,1811,1185
2017,서울특별시,서울특별시,서대문구,북가좌동,2262,1503
2017,서울특별시,서울특별시,서대문구,북아현동,1141,720
2017,서울특별시,서울특별시,서대문구,충정로2가,260,144
2017,서울특별시,서울특별시,서대문구,충정로3가,421,237
2017,서울특별시,서울특별시,영등포구,당산동,477,277
2017,서울특별시,서울특별시,영등포구,대림동,3355,2010
2017,서울특별시,서울특별시,영등포구,도림동,871,574
2017,서울특별시,서울특별시,영등포구,신길동,4862,3117
2017,서울특별시,서울특별시,영등포구,양평동,92,44
2017,서울특별시,서울특별시,영등포구,양화동,212,104
2017,서울특별시,서울특별시,영등포구,여의도동,3782,2157
2017,서울특별시,서울특별시,영등포구,영등포동,2241,985
2017,서울특별시,서울특별시,영등포구,당산동1가,381,215
2017,서울특별시,서울특별시,영등포구,당산동2가,244,143
2017,서울특별시,서울특별시,영등포구,당산동3가,833,469
2017,서울특별시,서울특별시,영등포구,당산동4가,357,238
2017,서울특별시,서울특별시,영등포구,당산동5가,420,284
2017,서울특별시,서울특별시,영등포구,당산동6가,470,303
2017,서울특별시,서울특별시,영등포구,문래동1가,191,104
2017,서울특별시,서울특별시,영등포구,문래동2가,105,59
2017,서울특별시,서울특별시,영등포구,문래동3가,801,499
2017,서울특별시,서울특별시,영등포구,문래동4가,92,58
2017,서울특별시,서울특별시,영등포구,문래동5가,175,98
2017,서울특별시,서울특별시,영등포구,문래동6가,264,176
2017,서울특별시,서울특별시,영등포구,양평동1가,272,172
2017,서울특별시,서울특별시,영등포구,양평동2가,337,225
2017,서울특별시,서울특별시,영등포구,양평동3가,416,300
2017,서울특별시,서울특별시,영등포구,양평동4가,370,221
2017,서울특별시,서울특별시,영등포구,양평동5가,211,134
2017,서울특별시,서울특별시,영등포구,양평동6가,139,92
2017,서울특별시,서울특별시,영등포구,영등포동1가,243,125
2017,서울특별시,서울특별시,영등포구,영등포동2가,462,245
2017,서울특별시,서울특별시,영등포구,영등포동3가,1214,530
2017,서울특별시,서울특별시,영등포구,영등포동4가,706,358
2017,서울특별시,서울특별시,영등포구,영등포동5가,435,207
2017,서울특별시,서울특별시,영등포구,영등포동6가,236,109
2017,서울특별시,서울특별시,영등포구,영등포동7가,316,187
2017,서울특별시,서울특별시,영등포구,영등포동8가,223,144
2017,서울특별시,서울특별시,미상,미상,5,2
